time,open,high,low,close,volume
2019-04-25,1.666,1.6986,1.4201,1.5118,523441.58
2019-04-26,1.5118,1.5591,1.4395,1.5214,329595.09
2019-04-27,1.525,1.6242,1.4818,1.5723,169567.94
2019-04-28,1.5734,1.6041,1.5101,1.5303,138636.33
2019-04-29,1.5274,1.5623,1.4435,1.4744,218060.83
2019-04-30,1.4813,1.5715,1.4693,1.5619,160893.09
2019-05-01,1.5732,1.6238,1.5654,1.6004,170685.94
2019-05-02,1.6013,1.7628,1.569,1.6826,289628.46
2019-05-03,1.673,1.7183,1.6266,1.6991,238462.79
2019-05-04,1.694,1.7702,1.5525,1.6,201694.45
2019-05-05,1.5964,1.6188,1.5589,1.5685,113607.07
2019-05-06,1.573,1.6524,1.5036,1.6026,238412.05
2019-05-07,1.6119,1.6736,1.5948,1.5998,262785.45
2019-05-08,1.5952,1.7052,1.4,1.6556,181330.47
2019-05-09,1.6475,1.6791,1.5764,1.5928,94983.27
2019-05-10,1.5852,1.6249,1.5427,1.5849,185598.39
2019-05-11,1.5961,1.8225,1.5768,1.7251,321995.17
2019-05-12,1.7349,1.831,1.58,1.6482,404933.6
2019-05-13,1.6526,1.8,1.6369,1.72,239301.46
2019-05-14,1.711,1.88,1.7104,1.8736,409408.73
2019-05-15,1.8708,2.2059,1.8493,2.1951,391107.11
2019-05-16,2.1971,2.4279,2.0312,2.1659,804316.01
2019-05-17,2.1659,2.1925,1.825,1.99,502890.74
2019-05-18,1.9928,2.0094,1.8672,1.8872,192140.33
2019-05-19,1.8876,2.1063,1.8827,2.0995,421055.37
2019-05-20,2.0915,2.1322,1.8704,2.0274,471012.6
2019-05-21,2.0197,2.15,1.9871,2.1054,250992.11
2019-05-22,2.1057,2.1454,1.9118,1.9122,247363.94
2019-05-23,1.9117,1.9717,1.81,1.9059,227605.57
2019-05-24,1.9079,2.0371,1.9079,1.9722,151131.59
2019-05-25,1.9723,2.005,1.9452,1.9636,77898.1
2019-05-26,1.9718,2.0846,1.9001,2.0589,140865.79
2019-05-27,2.0588,2.2737,2.0471,2.2015,417525.93
2019-05-28,2.1971,2.3136,2.158,2.2597,397753.12
2019-05-29,2.2597,2.35,2.1152,2.2889,386139.83
2019-05-30,2.2921,2.4778,2.0538,2.1704,588578.52
2019-05-31,2.1704,2.2711,2.0907,2.2593,218476.11
2019-06-01,2.2665,2.3432,2.1955,2.2232,248080.35
2019-06-02,2.2222,2.3697,2.2159,2.3537,168228.62
2019-06-03,2.3587,2.3587,2.0685,2.0903,292274.64
2019-06-04,2.0915,2.1096,1.9004,1.9639,297871.93
2019-06-05,1.9639,2.0223,1.9073,1.9672,248137.94
2019-06-06,1.962,2.0125,1.8818,1.9944,138133.39
2019-06-07,1.9974,2.0718,1.9623,2.0221,373495.17
2019-06-08,2.0117,2.0408,1.9501,1.9971,115067.37
2019-06-09,1.9961,2.0148,1.83,1.89,193206.66
2019-06-10,1.8736,2.0257,1.852,2.0205,306653.84
2019-06-11,2.0276,2.035,1.9,1.9695,228776.59
2019-06-12,1.9794,2.0571,1.9508,2.0497,166860.29
2019-06-13,2.0569,2.1454,2.0008,2.0976,278309.09
2019-06-14,2.1028,2.1883,2.0201,2.1077,316577.35
2019-06-15,2.1087,2.1735,2.0674,2.0956,259617.93
2019-06-16,2.0906,2.2152,2.0655,2.1271,470566.89
2019-06-17,2.1254,2.1522,2.0776,2.105,290418.99
2019-06-18,2.1068,2.1218,2.0124,2.0459,311159.49
2019-06-19,2.0472,2.1346,2.0351,2.09,187067.85
2019-06-20,2.0947,2.0949,2.0095,2.0159,126428.69
2019-06-21,2.017,2.0923,2.0169,2.0715,236661.05
2019-06-22,2.0676,2.3159,2.03,2.2695,617444.22
2019-06-23,2.2695,2.3469,2.1779,2.2645,435263.32
2019-06-24,2.2518,2.4707,2.1966,2.3604,768936.28
2019-06-25,2.3669,2.7253,2.2752,2.6898,817125.4
2019-06-26,2.6817,3.2837,2.497,2.8157,2747304.95
2019-06-27,2.7966,2.9026,2.2269,2.4244,1405471.7
2019-06-28,2.4032,2.7888,2.3512,2.6923,838105.8
2019-06-29,2.6825,2.8679,2.57,2.8258,1214092.27
2019-06-30,2.8257,2.8616,2.47,2.4805,462767.01
2019-07-01,2.4959,2.6222,2.2733,2.4374,725671.15
2019-07-02,2.4361,2.4634,2.2157,2.3759,470371.86
2019-07-03,2.3805,2.49,2.3289,2.4872,276607.51
2019-07-04,2.4868,2.4868,2.2941,2.3076,259571.06
2019-07-05,2.3086,2.3402,2.2626,2.305,206492.31
2019-07-06,2.3091,2.4296,2.3077,2.3778,186294.68
2019-07-07,2.368,2.4169,2.3075,2.3911,120901.31
2019-07-08,2.3943,2.6827,2.3676,2.5655,665822.04
2019-07-09,2.5604,2.5801,2.4,2.4297,393931.02
2019-07-10,2.4215,2.4864,2.0953,2.232,461822.89
2019-07-11,2.2245,2.2261,1.8452,1.9256,601984.46
2019-07-12,1.919,2.0192,1.878,1.9954,279910.25
2019-07-13,1.9953,1.9953,1.7801,1.8582,247863.78
2019-07-14,1.8603,1.8673,1.5569,1.5569,598808.51
2019-07-15,1.5593,1.6188,1.3589,1.5818,690479.03
2019-07-16,1.5728,1.607,1.3171,1.344,403150.18
2019-07-17,1.3493,1.476,1.3042,1.4013,398887.05
2019-07-18,1.4019,1.5587,1.3746,1.5259,445948.26
2019-07-19,1.5252,1.5368,1.4555,1.5316,236139.48
2019-07-20,1.5316,1.8496,1.5304,1.7073,587924.87
2019-07-21,1.7073,1.76,1.6525,1.7232,250574.86
2019-07-22,1.7304,1.7354,1.6096,1.6551,171161.11
2019-07-23,1.6449,1.6659,1.5393,1.5529,354692.35
2019-07-24,1.5601,1.7209,1.4986,1.7066,393699.3
2019-07-25,1.7115,1.739,1.677,1.6959,231489.94
2019-07-26,1.6898,1.6962,1.645,1.6826,93883.68
2019-07-27,1.6847,1.735,1.55,1.5766,375757.27
2019-07-28,1.5844,1.5963,1.4,1.5365,163957.63
2019-07-29,1.5352,1.5732,1.4919,1.5298,93921.4
2019-07-30,1.5246,1.5576,1.4923,1.538,66180.07
2019-07-31,1.538,1.5895,1.5296,1.585,105006.07
2019-08-01,1.585,1.5954,1.5166,1.5425,112838.4
2019-08-02,1.5364,1.5582,1.5136,1.5354,79157.97
2019-08-03,1.535,1.5535,1.5213,1.5362,61566.9
2019-08-04,1.5362,1.5484,1.4833,1.5236,81857.93
2019-08-05,1.5273,1.5841,1.5218,1.5483,182118.58
2019-08-06,1.5496,1.5626,1.4524,1.4737,154495.23
2019-08-07,1.4715,1.5005,1.4002,1.4447,164138.65
2019-08-08,1.4405,1.4803,1.4017,1.4225,148867.33
2019-08-09,1.4234,1.4351,1.3045,1.3199,134128.06
2019-08-10,1.3202,1.3549,1.2794,1.3169,174676.53
2019-08-11,1.316,1.4421,1.316,1.4252,217877.88
2019-08-12,1.4226,1.4265,1.3566,1.377,78984.74
2019-08-13,1.3738,1.3768,1.3157,1.3523,54542.01
2019-08-14,1.3525,1.3534,1.1159,1.1539,606009.26
2019-08-15,1.156,1.1877,1.1298,1.167,143528.97
2019-08-16,1.1671,1.1797,1.1176,1.1598,136079.57
2019-08-17,1.1548,1.2116,1.1396,1.2112,90929.05
2019-08-18,1.211,1.2614,1.1836,1.2514,131937.33
2019-08-19,1.2539,1.2646,1.2035,1.2381,96540.7
2019-08-20,1.2387,1.2446,1.2043,1.2195,50538.77
2019-08-21,1.2266,1.2266,1.1297,1.1839,121090.21
2019-08-22,1.1867,1.2488,1.1581,1.2336,152582.25
2019-08-23,1.2322,1.2555,1.2207,1.2357,112727.14
2019-08-24,1.2364,1.273,1.1947,1.2617,201784.33
2019-08-25,1.2617,1.29,1.2317,1.2353,186529.01
2019-08-26,1.238,1.2796,1.205,1.2273,171931.43
2019-08-27,1.2269,1.2329,1.165,1.1772,116515.55
2019-08-28,1.1734,1.1893,1.0683,1.0953,347410.4
2019-08-29,1.0945,1.0945,1.0241,1.0588,357397.16
2019-08-30,1.0588,1.0895,1.0484,1.0737,66812.17
2019-08-31,1.0737,1.0906,1.0553,1.0887,41280.76
2019-09-01,1.0878,1.1065,1.0688,1.0811,80084.74
2019-09-02,1.086,1.1071,1.0607,1.093,133087.45
2019-09-03,1.0909,1.1111,1.0691,1.0875,154907.82
2019-09-04,1.0829,1.0875,1.0464,1.0688,146569.07
2019-09-05,1.0648,1.0782,1.0374,1.0414,160393.84
2019-09-06,1.0414,1.0606,1.0132,1.0159,80134.62
2019-09-07,1.0166,1.0749,1.0037,1.0599,94794.54
2019-09-08,1.055,1.0872,1.0453,1.0726,172965.82
2019-09-09,1.0788,1.0841,1.0361,1.0653,158800.51
2019-09-10,1.0683,1.0933,1.0568,1.0662,111658.3
2019-09-11,1.0676,1.0804,1.025,1.0393,94420.26
2019-09-12,1.0428,1.059,1.0244,1.0504,85967.36
2019-09-13,1.0517,1.0553,1.0105,1.0384,100149.76
2019-09-14,1.0387,1.0573,1.0307,1.0507,59068.37
2019-09-15,1.0492,1.0537,1.0412,1.0465,60240.73
2019-09-16,1.0467,1.0653,1.0368,1.0544,145790.5
2019-09-17,1.0522,1.1237,1.0491,1.103,281841.32
2019-09-18,1.1058,1.2018,1.1033,1.1741,370679.43
2019-09-19,1.1761,1.177,1.0825,1.14,248160.62
2019-09-20,1.1415,1.1494,1.105,1.1307,122247.03
2019-09-21,1.1327,1.1612,1.104,1.1189,208823.17
2019-09-22,1.113,1.1154,1.0648,1.0694,161340.14
2019-09-23,1.07,1.0724,1.0036,1.0119,176618.51
2019-09-24,1.0109,1.0237,0.7089,0.7908,586807.75
2019-09-25,0.7885,0.8321,0.76,0.8164,315726.7
2019-09-26,0.8125,0.8314,0.7487,0.7965,301223.43
2019-09-27,0.799,0.8237,0.7784,0.818,130532.12
2019-09-28,0.8203,0.8271,0.7862,0.8104,132817.9
2019-09-29,0.8164,0.8164,0.777,0.7945,104406.24
2019-09-30,0.7925,0.8316,0.7683,0.8188,172278.18
2019-10-01,0.8174,0.8441,0.7957,0.8063,159816.62
2019-10-02,0.8086,0.83,0.8064,0.8257,103340.38
2019-10-03,0.83,0.831,0.8037,0.8156,122973.2
2019-10-04,0.8168,0.849,0.8033,0.8345,95908.28
2019-10-05,0.8345,0.8393,0.8256,0.8365,73745.86
2019-10-06,0.8366,0.8939,0.8328,0.8747,519856.42
2019-10-07,0.8763,0.9149,0.8582,0.9027,525008.86
2019-10-08,0.9029,0.9197,0.8837,0.9068,152384.74
2019-10-09,0.9041,0.9399,0.8972,0.9165,193848.81
2019-10-10,0.9165,0.9223,0.8754,0.8909,99357.59
2019-10-11,0.8909,0.8988,0.8333,0.8337,158792.94
2019-10-12,0.8337,0.8441,0.8296,0.8296,45370.58
2019-10-13,0.8307,0.8438,0.8181,0.8257,85310.16
2019-10-14,0.8248,0.8322,0.8156,0.8259,138611.54
2019-10-15,0.826,0.83,0.7902,0.798,248032.89
2019-10-16,0.7956,0.803,0.76,0.772,140624.0
2019-10-17,0.772,0.802,0.7612,0.7956,163845.0
2019-10-18,0.7956,0.799,0.7611,0.7694,175528.0
2019-10-19,0.7722,0.7784,0.7569,0.7651,124762.44
2019-10-20,0.7649,0.8285,0.757,0.8118,206216.53
2019-10-21,0.8134,0.8157,0.794,0.807,172003.92
2019-10-22,0.8057,0.8175,0.777,0.7773,100014.89
2019-10-23,0.7796,0.7872,0.7075,0.7248,223876.29
2019-10-24,0.7269,0.7895,0.7074,0.78,338755.66
2019-10-25,0.78,0.8534,0.7639,0.8378,346513.17
2019-10-26,0.8404,0.91,0.8135,0.8477,436044.64
2019-10-27,0.8485,1.0408,0.8388,0.9675,981493.56
2019-10-28,0.9704,1.101,0.9255,1.0264,1204894.52
2019-10-29,1.0308,1.1248,1.0121,1.0345,870367.94
2019-10-30,1.0381,1.0382,0.9339,0.9783,629467.52
2019-10-31,0.9783,0.985,0.9209,0.9425,339747.61
2019-11-01,0.9454,0.9838,0.9307,0.9765,175766.95
2019-11-02,0.9765,1.0008,0.9558,0.9868,209193.37
2019-11-03,0.988,0.9956,0.9441,0.9605,142897.01
2019-11-04,0.9602,0.9939,0.945,0.982,196007.81
2019-11-05,0.982,1.0601,0.9693,1.0242,279390.12
2019-11-06,1.0247,1.0899,1.0132,1.033,556187.63
2019-11-07,1.033,1.0436,0.9603,0.9955,379273.93
2019-11-08,0.9953,1.0055,0.925,0.9574,237588.57
2019-11-09,0.9575,0.9702,0.9422,0.9622,82363.75
2019-11-10,0.9635,1.0283,0.9479,1.0064,195987.78
2019-11-11,1.0069,1.008,0.9216,0.9516,241439.19
2019-11-12,0.9491,1.049,0.9406,0.963,305098.43
2019-11-13,0.965,0.9993,0.9494,0.9799,277576.74
2019-11-14,0.98,1.0386,0.9512,1.0127,271662.38
2019-11-15,1.015,1.1199,0.94,1.0067,760693.49
2019-11-16,1.0073,1.0779,0.9939,1.045,397773.85
2019-11-17,1.0423,1.0441,0.9867,1.0248,260826.57
2019-11-18,1.018,1.0259,0.9038,0.9387,344773.82
2019-11-19,0.9386,0.9396,0.8686,0.8957,444704.37
2019-11-20,0.893,0.9204,0.8827,0.8878,152035.75
2019-11-21,0.8864,0.891,0.7766,0.8217,214742.84
2019-11-22,0.8217,0.8331,0.72,0.7768,440479.9
2019-11-23,0.7702,0.8081,0.7533,0.808,111977.68
2019-11-24,0.808,0.812,0.7244,0.7344,203430.25
2019-11-25,0.7336,0.7623,0.6551,0.7202,464537.69
2019-11-26,0.717,0.7485,0.717,0.7434,131805.43
2019-11-27,0.742,0.7874,0.7091,0.7623,277330.79
2019-11-28,0.7624,0.7989,0.7605,0.7762,146045.84
2019-11-29,0.773,0.8221,0.773,0.8019,135666.66
2019-11-30,0.8024,0.807,0.7493,0.7669,167937.6
2019-12-01,0.7612,0.7706,0.7226,0.7471,212050.29
2019-12-02,0.7471,0.7486,0.724,0.7345,88559.12
2019-12-03,0.7384,0.7513,0.7273,0.7427,80351.95
2019-12-04,0.7388,0.7721,0.7115,0.7223,200049.47
2019-12-05,0.7248,0.7394,0.7133,0.7341,156173.29
2019-12-06,0.7338,0.7536,0.726,0.7506,107793.88
2019-12-07,0.7484,0.7561,0.745,0.747,74274.83
2019-12-08,0.7465,0.7542,0.7333,0.7479,76683.16
2019-12-09,0.7474,0.768,0.7246,0.7325,128687.81
2019-12-10,0.7324,0.74,0.7022,0.7313,95519.91
2019-12-11,0.7321,0.7417,0.715,0.7185,89566.62
2019-12-12,0.7192,0.7243,0.7036,0.7102,91319.41
2019-12-13,0.7127,0.7269,0.7045,0.7059,105789.53
2019-12-14,0.7091,0.7299,0.6916,0.7063,164733.47
2019-12-15,0.699,0.7051,0.6855,0.7018,54054.21
2019-12-16,0.7018,0.7018,0.636,0.6546,249493.4
2019-12-17,0.6544,0.6551,0.5793,0.5914,365156.92
2019-12-18,0.5914,0.6744,0.5691,0.6587,421585.38
2019-12-19,0.6587,0.673,0.6246,0.6324,142763.6
2019-12-20,0.6325,0.6601,0.6259,0.6529,73710.96
2019-12-21,0.6528,0.6594,0.6391,0.6479,55336.07
2019-12-22,0.6479,0.658,0.6428,0.6512,136807.29
2019-12-23,0.6513,0.6644,0.6234,0.6305,145977.93
2019-12-24,0.6284,0.6318,0.614,0.6203,107340.93
2019-12-25,0.6223,0.6223,0.604,0.6079,44284.16
2019-12-26,0.6062,0.6322,0.6006,0.6128,147496.82
2019-12-27,0.6121,0.6265,0.6013,0.6251,123070.02
2019-12-28,0.6257,0.6313,0.6199,0.6235,94271.49
2019-12-29,0.6236,0.6506,0.6133,0.6373,265742.52
2019-12-30,0.635,0.64,0.6151,0.6151,118509.45
2019-12-31,0.6133,0.6263,0.6039,0.6058,115089.49
2020-01-01,0.6048,0.6226,0.604,0.6214,46950.59
2020-01-02,0.6219,0.6252,0.5851,0.595,188603.7
2020-01-03,0.5932,0.6267,0.5837,0.6248,143389.21
2020-01-04,0.627,0.65,0.6169,0.6246,83724.16
2020-01-05,0.6282,0.65,0.6278,0.6367,98775.38
2020-01-06,0.6349,0.6864,0.6325,0.6864,238420.06
2020-01-07,0.6857,0.6976,0.6645,0.6706,254152.38
2020-01-08,0.6755,0.6926,0.6383,0.6603,254464.67
2020-01-09,0.657,0.657,0.6308,0.6373,104866.96
2020-01-10,0.6405,0.6667,0.6297,0.6559,197034.72
2020-01-11,0.6559,0.6891,0.6514,0.6701,185337.7
2020-01-12,0.67,0.6943,0.665,0.6943,120126.79
2020-01-13,0.6942,0.6968,0.6574,0.6669,111578.28
2020-01-14,0.67,0.7476,0.6696,0.735,654940.44
2020-01-15,0.7321,0.8241,0.7265,0.7959,915880.84
2020-01-16,0.7973,0.7998,0.7427,0.7749,337996.62
2020-01-17,0.7749,0.896,0.759,0.885,823099.54
2020-01-18,0.885,0.8975,0.808,0.8392,643818.62
2020-01-19,0.8392,0.858,0.7582,0.7998,657504.59
2020-01-20,0.7998,0.8007,0.7512,0.7829,252498.67
2020-01-21,0.7791,0.8385,0.775,0.838,304858.82
2020-01-22,0.8387,0.8484,0.8068,0.8165,323387.95
2020-01-23,0.8165,0.8173,0.7543,0.7638,229989.38
2020-01-24,0.762,0.7892,0.7258,0.7754,265600.73
2020-01-25,0.7735,0.7735,0.7496,0.7607,84102.35
2020-01-26,0.7622,0.8055,0.7552,0.7905,166976.99
2020-01-27,0.7931,0.8317,0.7931,0.8074,295579.64
2020-01-28,0.8085,0.8299,0.7969,0.8205,205674.23
2020-01-29,0.8197,0.8518,0.8155,0.8402,357279.91
2020-01-30,0.8405,0.8984,0.8253,0.888,458458.29
2020-01-31,0.888,0.9245,0.8704,0.901,365054.77
2020-02-01,0.906,0.9179,0.8948,0.9168,202960.69
2020-02-02,0.9133,1.05,0.9133,0.968,867716.6
2020-02-03,0.968,0.9935,0.9351,0.9721,303037.37
2020-02-04,0.972,1.0,0.9355,0.9776,399692.03
2020-02-05,0.9776,1.0444,0.9773,1.0358,331130.78
2020-02-06,1.0358,1.1559,1.0308,1.1183,752745.14
2020-02-07,1.1215,1.1818,1.1167,1.1322,453752.03
2020-02-08,1.1322,1.172,0.989,1.1608,449850.98
2020-02-09,1.1557,1.172,1.0922,1.1323,377304.92
2020-02-10,1.1372,1.152,1.0661,1.1236,461123.48
2020-02-11,1.1227,1.2,0.9974,1.1979,626627.86
2020-02-12,1.1979,1.5,1.1731,1.2495,1064328.8
2020-02-13,1.247,1.3113,1.2042,1.2846,874754.77
2020-02-14,1.2793,1.3877,1.2527,1.371,425365.95
2020-02-15,1.3715,1.46,1.2351,1.2868,670845.81
2020-02-16,1.2868,1.3421,1.078,1.182,881266.39
2020-02-17,1.1773,1.1901,1.0545,1.1726,857497.84
2020-02-18,1.1712,1.2208,1.1051,1.1974,331843.33
2020-02-19,1.2,1.2194,1.0868,1.0986,276805.99
2020-02-20,1.0981,1.1348,1.0239,1.081,504421.32
2020-02-21,1.079,1.1219,1.0678,1.0929,177949.67
2020-02-22,1.094,1.11,1.0554,1.1046,140101.21
2020-02-23,1.1068,1.1683,1.0996,1.1389,243975.9
2020-02-24,1.1341,1.1404,1.0434,1.0671,251756.18
2020-02-25,1.0671,1.0677,0.9745,0.9893,361344.37
2020-02-26,0.9823,1.0054,0.8258,0.856,550088.17
2020-02-27,0.856,0.9524,0.8016,0.8951,532377.69
2020-02-28,0.8984,0.9134,0.8228,0.855,590926.16
2020-02-29,0.8562,0.8777,0.8225,0.8225,245111.8
2020-03-01,0.8262,0.8624,0.804,0.841,461545.16
2020-03-02,0.841,0.907,0.8294,0.8949,263957.57
2020-03-03,0.8949,0.9,0.8641,0.8864,191733.32
2020-03-04,0.8862,0.9083,0.8788,0.8969,227592.13
2020-03-05,0.898,0.9475,0.898,0.9253,225360.09
2020-03-06,0.9272,0.9483,0.9203,0.9392,149764.54
2020-03-07,0.9365,0.9702,0.9023,0.9058,313843.06
2020-03-08,0.9058,0.9058,0.755,0.7655,954840.81
2020-03-09,0.7687,0.8142,0.7331,0.7883,840590.97
2020-03-10,0.788,0.8065,0.7709,0.7904,396399.09
2020-03-11,0.7898,0.8021,0.7184,0.7522,491055.13
2020-03-12,0.754,0.7569,0.3882,0.4069,1457769.59
2020-03-13,0.4121,0.5453,0.3031,0.5034,1456638.51
2020-03-14,0.5014,0.5166,0.4638,0.4684,555712.4
2020-03-15,0.4684,0.5262,0.4637,0.4939,514262.26
2020-03-16,0.4904,0.4999,0.3961,0.4349,628611.11
2020-03-17,0.4383,0.4835,0.4311,0.4697,397008.8
2020-03-18,0.4652,0.4843,0.4249,0.4644,485135.36
2020-03-19,0.4673,0.5592,0.4643,0.5429,644173.76
2020-03-20,0.5428,0.5996,0.475,0.53,833826.23
2020-03-21,0.5324,0.5447,0.4935,0.5231,318288.49
2020-03-22,0.5252,0.5451,0.4743,0.477,356136.26
2020-03-23,0.4761,0.5309,0.4679,0.5057,726906.36
2020-03-24,0.5065,0.5338,0.4931,0.531,574796.9
2020-03-25,0.5283,0.5339,0.4923,0.5096,315059.71
2020-03-26,0.5123,0.5228,0.5035,0.5208,190326.97
2020-03-27,0.5211,0.5279,0.4993,0.5032,285091.93
2020-03-28,0.503,0.513,0.475,0.5051,371009.65
2020-03-29,0.5051,0.5077,0.4626,0.4682,205591.58
2020-03-30,0.4678,0.5268,0.4666,0.5082,353762.78
2020-03-31,0.5079,0.5183,0.5051,0.516,157725.22
2020-04-01,0.5161,0.5375,0.4982,0.5337,227726.96
2020-04-02,0.5354,0.5633,0.5248,0.5527,769002.8
2020-04-03,0.5527,0.5797,0.538,0.5439,501145.82
2020-04-04,0.5442,0.5595,0.5378,0.5513,269180.06
2020-04-05,0.5513,0.5596,0.535,0.5416,185912.83
2020-04-06,0.5405,0.6,0.5399,0.599,507675.56
2020-04-07,0.598,0.636,0.5888,0.6005,717457.89
2020-04-08,0.5996,0.634,0.5913,0.6238,289833.29
2020-04-09,0.6255,0.6266,0.5984,0.608,477370.78
2020-04-10,0.6069,0.6098,0.5341,0.5556,578060.12
2020-04-11,0.5554,0.5731,0.5515,0.5631,211822.6
2020-04-12,0.5639,0.5904,0.5515,0.5646,230557.55
2020-04-13,0.5656,0.5656,0.5383,0.5548,226494.17
2020-04-14,0.5548,0.567,0.547,0.5523,233170.34
2020-04-15,0.5522,0.5617,0.5028,0.5256,277464.42
2020-04-16,0.5246,0.5726,0.5035,0.5643,622387.48
2020-04-17,0.5643,0.58,0.557,0.5685,270424.79
2020-04-18,0.5715,0.5991,0.566,0.5959,306210.47
2020-04-19,0.5975,0.5993,0.5706,0.5799,227674.24
2020-04-20,0.5776,0.5907,0.5261,0.5423,441925.51
2020-04-21,0.5418,0.6163,0.5339,0.5621,1122629.36
2020-04-22,0.5621,0.589,0.555,0.5777,551203.44
2020-04-23,0.5782,0.625,0.5746,0.5956,430313.03
2020-04-24,0.5967,0.6195,0.5914,0.6169,264142.72
2020-04-25,0.617,0.634,0.5881,0.6316,373763.35
2020-04-26,0.6301,0.6625,0.6301,0.6604,363070.16
2020-04-27,0.6632,0.6876,0.6409,0.6585,475015.49
2020-04-28,0.6578,0.6703,0.6389,0.6682,266030.33
2020-04-29,0.6695,0.7958,0.661,0.7687,1939226.66
2020-04-30,0.7681,0.8167,0.7169,0.7392,2516039.18
2020-05-01,0.7392,0.7749,0.7369,0.7536,516200.01
2020-05-02,0.7537,0.7562,0.7316,0.7511,392429.85
2020-05-03,0.7511,0.7617,0.721,0.7266,341859.23
2020-05-04,0.7266,0.7291,0.6685,0.7177,428584.17
2020-05-05,0.7181,0.7299,0.6933,0.7099,248907.0
2020-05-06,0.7099,0.7219,0.68,0.682,329959.46
2020-05-07,0.6805,0.7146,0.675,0.7076,307873.58
2020-05-08,0.7095,0.8255,0.7001,0.7625,1217709.05
2020-05-09,0.7614,0.7769,0.7336,0.7409,565618.75
2020-05-10,0.7402,0.7419,0.6301,0.675,934645.76
2020-05-11,0.675,0.685,0.6259,0.6665,728091.23
2020-05-12,0.6628,0.7489,0.6623,0.7172,498263.66
2020-05-13,0.7172,0.782,0.7101,0.7635,382215.45
2020-05-14,0.7635,1.0041,0.7507,0.9453,7807425.95
2020-05-15,0.943,1.0791,0.9311,0.9551,7511859.84
2020-05-16,0.9564,0.9585,0.9157,0.9323,1615139.66
2020-05-17,0.9323,1.017,0.9143,0.9721,2568076.48
2020-05-18,0.9761,1.0593,0.935,1.0218,2966472.05
2020-05-19,1.0191,1.1955,0.957,1.1794,7547231.72
2020-05-20,1.1795,1.21,1.12,1.1679,4843475.85
2020-05-21,1.1673,1.5984,1.1418,1.5427,18676313.75
2020-05-22,1.5427,2.2268,1.4787,1.8003,33168978.19
2020-05-23,1.8003,2.095,1.798,1.8737,10913757.36
2020-05-24,1.8705,1.9259,1.5256,1.5367,9184919.12
2020-05-25,1.5373,1.8679,1.5254,1.7232,8697805.46
2020-05-26,1.7232,1.777,1.57,1.6523,3582616.49
2020-05-27,1.6532,1.7267,1.6168,1.6448,2864257.37
2020-05-28,1.6422,1.664,1.583,1.6064,2108469.23
2020-05-29,1.6064,1.6667,1.5836,1.6029,1916656.17
2020-05-30,1.6041,1.6094,1.5325,1.5768,2040393.21
2020-05-31,1.5791,1.5794,1.4631,1.5081,2449314.56
2020-06-01,1.5075,1.7899,1.481,1.7181,8944613.2
2020-06-02,1.7175,1.7889,1.5804,1.7361,3016831.93
2020-06-03,1.7373,1.7787,1.6947,1.712,1482286.28
2020-06-04,1.7102,1.7223,1.6613,1.6906,720605.63
2020-06-05,1.6941,1.6965,1.6413,1.6428,678873.15
2020-06-06,1.6423,1.7649,1.6166,1.7079,1412395.63
2020-06-07,1.7098,1.7405,1.6553,1.6961,807701.19
2020-06-08,1.6938,1.7078,1.6681,1.678,547047.55
2020-06-09,1.678,1.699,1.625,1.648,1010801.96
2020-06-10,1.6487,1.7007,1.6203,1.6499,854368.33
2020-06-11,1.649,1.6562,1.4849,1.5076,1181253.34
2020-06-12,1.5044,1.5847,1.4943,1.553,584655.95
2020-06-13,1.5527,1.6793,1.547,1.6187,1289276.42
2020-06-14,1.6203,1.6203,1.5229,1.564,887691.18
2020-06-15,1.5632,1.5723,1.404,1.5037,1305229.74
2020-06-16,1.5057,1.55,1.487,1.5271,720592.15
2020-06-17,1.5265,1.5336,1.4825,1.5136,609426.26
2020-06-18,1.511,1.523,1.4501,1.4787,564169.23
2020-06-19,1.4746,1.4872,1.4391,1.4603,599519.15
2020-06-20,1.4606,1.4981,1.436,1.4702,708846.54
2020-06-21,1.4685,1.483,1.4501,1.4512,396026.88
2020-06-22,1.4525,1.64,1.4505,1.6246,2728442.83
2020-06-23,1.6246,1.6807,1.5625,1.5664,1122150.84
2020-06-24,1.5659,1.5917,1.4787,1.5154,892555.28
2020-06-25,1.5148,1.516,1.4461,1.4719,764358.3
2020-06-26,1.4714,1.4779,1.446,1.4592,519882.99
2020-06-27,1.4607,1.4619,1.2961,1.3905,1533941.44
2020-06-28,1.3904,1.4634,1.3461,1.4253,1178141.93
2020-06-29,1.4254,1.5004,1.3729,1.4689,1188191.85
2020-06-30,1.4714,1.4938,1.4481,1.4677,649519.87
2020-07-01,1.4654,1.4923,1.4514,1.4642,865470.8
2020-07-02,1.4637,1.4797,1.3949,1.4186,1632474.99
2020-07-03,1.4161,1.4521,1.3896,1.4433,1274648.11
2020-07-04,1.4436,1.56,1.4341,1.5166,2802392.32
2020-07-05,1.5166,1.5217,1.4534,1.4951,1463230.04
2020-07-06,1.4951,1.5883,1.4933,1.568,2107329.32
2020-07-07,1.5651,1.5726,1.508,1.529,1552068.92
2020-07-08,1.5297,1.6459,1.514,1.6144,2441887.15
2020-07-09,1.614,1.6177,1.5097,1.5532,1973079.69
2020-07-10,1.5543,1.5543,1.4891,1.546,861645.7
2020-07-11,1.544,1.559,1.525,1.5298,703072.42
2020-07-12,1.5298,1.5877,1.509,1.5394,1000702.37
2020-07-13,1.5417,1.59,1.5148,1.5348,1305537.83
2020-07-14,1.5337,1.5434,1.496,1.5277,891058.79
2020-07-15,1.5266,1.5331,1.5011,1.5174,563694.73
2020-07-16,1.5172,1.5356,1.4582,1.4742,1337150.86
2020-07-17,1.4748,1.5155,1.4669,1.4932,867729.77
2020-07-18,1.4931,1.6004,1.4756,1.5841,2517108.49
2020-07-19,1.5836,1.6377,1.5334,1.5537,1902961.04
2020-07-20,1.5535,1.7386,1.5531,1.6222,3002851.52
2020-07-21,1.6242,1.7295,1.61,1.6495,2941998.62
2020-07-22,1.6492,1.7505,1.6335,1.729,2564683.41
2020-07-23,1.7277,1.7606,1.6656,1.6884,1914932.52
2020-07-24,1.6884,1.6939,1.6134,1.6226,1664660.23
2020-07-25,1.6229,1.662,1.6221,1.6419,929608.27
2020-07-26,1.6424,1.6799,1.6156,1.6229,952125.13
2020-07-27,1.6251,1.6284,1.4665,1.5738,2403306.43
2020-07-28,1.5784,1.5967,1.5447,1.5836,1188310.3
2020-07-29,1.5817,1.6279,1.577,1.5778,1065848.51
2020-07-30,1.5783,1.599,1.5533,1.5886,837584.57
2020-07-31,1.5893,1.61,1.5757,1.5816,654314.57
2020-08-01,1.5799,1.6587,1.574,1.6556,1498156.86
2020-08-02,1.6555,1.727,1.3754,1.5843,2244512.63
2020-08-03,1.5851,1.6087,1.5496,1.569,1606615.81
2020-08-04,1.5685,1.5947,1.5438,1.5876,843462.08
2020-08-05,1.5911,1.6213,1.5585,1.593,1441576.65
2020-08-06,1.5934,1.6135,1.5696,1.6053,769598.49
2020-08-07,1.6068,1.6322,1.5264,1.5632,1510768.81
2020-08-08,1.5632,1.6045,1.5551,1.6016,816122.91
2020-08-09,1.6005,1.7199,1.58,1.712,1817686.79
2020-08-10,1.7105,1.8501,1.6787,1.7979,3338070.82
2020-08-11,1.7978,1.7979,1.611,1.6571,1686106.37
2020-08-12,1.6571,1.7082,1.58,1.6977,1230603.66
2020-08-13,1.6962,1.93,1.6375,1.8385,3735847.75
2020-08-14,1.8394,2.0831,1.7949,2.0292,3888528.81
2020-08-15,2.0292,2.0468,1.8913,1.9358,2052625.67
2020-08-16,1.932,3.1509,1.8927,2.7942,14053891.41
2020-08-17,2.7995,3.29,2.6664,2.7049,15032003.39
2020-08-18,2.7049,2.9,2.4608,2.6932,6198178.14
2020-08-19,2.6933,3.46,2.6296,3.3775,14950710.76
2020-08-20,3.3775,5.96,3.2519,5.6755,38142985.92
2020-08-21,5.6943,9.82,5.6423,6.2394,58082369.43
2020-08-22,6.238,6.4867,5.26,6.1359,22509873.37
2020-08-23,6.1429,7.3,5.9985,6.41,20388894.06
2020-08-24,6.4138,6.4403,5.7344,5.8441,7549930.71
2020-08-25,5.8497,5.886,4.783,5.15,9585510.95
2020-08-26,5.146,5.8344,4.94,5.4999,8782888.44
2020-08-27,5.4992,5.4992,4.9151,5.02,5198599.94
2020-08-28,5.025,5.48,4.8726,5.4159,4156142.2
2020-08-29,5.4159,5.4633,5.055,5.1059,4344946.12
2020-08-30,5.107,5.8142,5.0745,5.4857,6291651.52
2020-08-31,5.4858,5.5894,5.1072,5.1197,4973096.54
2020-09-01,5.1142,5.1648,4.9352,4.9959,3335032.16
2020-09-02,4.9867,5.2405,4.0524,4.3826,4891125.47
2020-09-03,4.3826,4.4427,3.35,3.5248,4716955.49
2020-09-04,3.529,4.5,3.2916,4.235,7560526.48
2020-09-05,4.2348,4.5192,3.4036,3.756,5630930.18
2020-09-06,3.7559,4.0646,3.3739,3.9219,2953486.03
2020-09-07,3.9152,3.9631,3.3022,3.5991,3848553.89
2020-09-08,3.5993,3.8213,3.3865,3.5392,2665853.4
2020-09-09,3.5324,3.905,3.4422,3.8453,2950603.83
2020-09-10,3.8425,4.0762,3.7265,3.8411,2784833.51
2020-09-11,3.8471,3.9049,3.65,3.839,1419869.83
2020-09-12,3.843,4.1988,3.7595,4.116,2244166.57
2020-09-13,4.11,4.1491,3.6619,3.8423,2859937.54
2020-09-14,3.8366,4.0162,3.6855,3.8423,1507550.38
2020-09-15,3.8333,3.8645,3.45,3.4731,1531902.24
2020-09-16,3.4676,3.5544,3.3098,3.4148,1042290.03
2020-09-17,3.4159,3.5604,3.211,3.2787,1494721.94
2020-09-18,3.2769,3.446,2.937,3.0236,3257642.37
2020-09-19,3.0235,3.1573,2.9633,3.0656,1164946.9
2020-09-20,3.0655,3.1231,2.8,2.8976,1108993.1
2020-09-21,2.893,2.9459,2.4894,2.551,2036289.17
2020-09-22,2.5594,3.274,2.5325,3.2355,3527757.05
2020-09-23,3.2266,3.233,2.6925,2.7528,5406820.08
2020-09-24,2.7541,3.1582,2.7212,3.1137,2363229.75
2020-09-25,3.1095,3.25,2.9359,3.148,1837168.83
2020-09-26,3.148,3.2071,3.0317,3.1049,1451376.28
2020-09-27,3.1012,3.1179,2.96,3.0844,1075568.37
2020-09-28,3.0857,4.2945,3.0838,3.7724,8904511.95
2020-09-29,3.7669,4.4367,3.7374,4.11,9524531.08
2020-09-30,4.1091,4.1244,3.83,4.0202,2429537.73
2020-10-01,4.0174,4.4,3.8,4.0159,4524396.69
2020-10-02,4.0159,4.28,3.5724,3.7868,4470351.12
2020-10-03,3.7848,3.89,3.7054,3.7216,1344925.29
2020-10-04,3.7221,3.7514,3.5,3.6295,1635370.62
2020-10-05,3.6336,3.9,3.6285,3.8074,1613031.3
2020-10-06,3.8117,3.8238,3.2775,3.3658,2459275.42
2020-10-07,3.3575,3.3719,3.0857,3.2604,2398949.91
2020-10-08,3.2606,3.4693,3.0234,3.3796,2878000.06
2020-10-09,3.3833,3.6036,3.2602,3.4831,2354863.84
2020-10-10,3.4813,3.95,3.4768,3.6272,3056078.33
2020-10-11,3.6254,3.7976,3.526,3.6538,1821147.4
2020-10-12,3.6539,3.7482,3.5024,3.6413,1954014.61
2020-10-13,3.6461,3.6581,3.4431,3.5317,1292980.88
2020-10-14,3.5276,3.5562,3.2547,3.3307,1234672.37
2020-10-15,3.3307,3.5142,3.223,3.4321,1377335.47
2020-10-16,3.4364,3.5,3.2175,3.2204,1036424.11
2020-10-17,3.2271,3.2995,3.1309,3.257,725723.49
2020-10-18,3.2527,3.4515,3.2459,3.4019,717534.52
2020-10-19,3.4066,3.5073,3.2522,3.3666,1155548.39
2020-10-20,3.3625,3.3869,3.0718,3.1297,1084319.94
2020-10-21,3.1273,3.4272,3.1085,3.2646,1443265.03
2020-10-22,3.2609,3.585,3.2603,3.4942,1405121.62
2020-10-23,3.496,3.65,3.3853,3.5255,1109255.38
2020-10-24,3.5304,3.5773,3.424,3.4863,708964.57
2020-10-25,3.4829,3.4877,3.2811,3.3493,692979.72
2020-10-26,3.3509,3.4153,3.0844,3.2363,1160756.64
2020-10-27,3.2367,3.3087,3.1495,3.2119,915295.55
2020-10-28,3.2155,3.2544,3.0034,3.0657,884456.72
2020-10-29,3.0674,3.1398,2.8486,2.8905,1042071.2
2020-10-30,2.8857,2.9332,2.7569,2.8675,1057642.24
2020-10-31,2.8681,3.0094,2.8532,2.9233,620901.89
2020-11-01,2.9195,3.196,2.8875,3.1391,1171056.76
2020-11-02,3.1351,3.1861,2.9558,2.9974,916520.19
2020-11-03,2.9986,2.9986,2.804,2.9012,1075347.57
2020-11-04,2.903,3.0028,2.6248,2.7676,1780900.31
2020-11-05,2.7664,2.9761,2.681,2.8914,2363300.27
2020-11-06,2.8892,3.3709,2.8803,3.322,2288899.28
2020-11-07,3.3226,3.4972,2.9256,3.0592,3324310.38
2020-11-08,3.0583,3.3286,3.0049,3.1907,1435219.87
2020-11-09,3.1856,3.2475,3.0249,3.1791,1380017.56
2020-11-10,3.1794,3.2605,3.0882,3.2382,1648148.78
2020-11-11,3.2378,3.848,3.2377,3.5058,5737691.54
2020-11-12,3.5078,3.8192,3.353,3.4937,6023120.54
2020-11-13,3.491,3.6481,3.4297,3.628,2500246.92
2020-11-14,3.6266,3.6388,3.3295,3.4207,3177587.72
2020-11-15,3.4249,3.495,3.2381,3.3217,2359576.78
2020-11-16,3.3234,3.4867,3.2731,3.4369,1599669.23
2020-11-17,3.4359,3.577,3.4094,3.4599,2035504.89
2020-11-18,3.4579,3.5021,3.1842,3.3321,3011133.28
2020-11-19,3.332,3.3595,3.2001,3.2726,1989727.82
2020-11-20,3.2736,3.6521,3.2518,3.5294,4021959.08
2020-11-21,3.5316,4.357,3.5298,4.253,10181794.65
2020-11-22,4.2559,4.2776,3.6,3.9019,6374237.66
2020-11-23,3.9018,4.2462,3.8,4.2309,5277438.89
2020-11-24,4.2309,4.67,3.98,4.3646,8238922.12
2020-11-25,4.3591,5.1845,4.144,4.4269,11932690.49
2020-11-26,4.4248,4.699,3.2291,3.7036,11855496.02
2020-11-27,3.7111,3.8443,3.3324,3.6088,4615468.5
2020-11-28,3.6159,3.97,3.4806,3.779,4149978.37
2020-11-29,3.7793,3.8659,3.6061,3.7798,2525293.49
2020-11-30,3.781,4.0234,3.7025,3.9528,4149899.02
2020-12-01,3.9512,4.0889,3.5,3.662,4450306.94
2020-12-02,3.6579,3.8772,3.5878,3.7916,2640278.79
2020-12-03,3.7885,3.8613,3.7006,3.7903,1813280.46
2020-12-04,3.7903,4.4124,3.4954,3.5286,13833406.61
2020-12-05,3.5265,3.822,3.4722,3.7819,3235966.1
2020-12-06,3.7821,3.794,3.5734,3.701,1818380.87
2020-12-07,3.7012,3.7431,3.5362,3.5819,1959061.93
2020-12-08,3.5819,3.5999,3.1658,3.2384,3164564.85
2020-12-09,3.2386,3.3238,2.9922,3.2836,3024793.26
2020-12-10,3.2832,3.3121,3.0625,3.1493,1479034.0
2020-12-11,3.1504,3.29,2.9601,2.9914,2780918.4
2020-12-12,2.9923,3.23,2.9857,3.1878,1683781.15
2020-12-13,3.1878,3.3594,3.1116,3.2779,2056546.11
2020-12-14,3.2757,3.2877,3.1528,3.234,1663320.9
2020-12-15,3.2372,3.3156,3.1365,3.1584,1868882.6
2020-12-16,3.1579,3.3572,3.0772,3.3508,2787963.8
2020-12-17,3.3499,3.4968,3.1479,3.2374,4931804.41
2020-12-18,3.2391,3.3329,3.1664,3.2463,2436778.1
2020-12-19,3.2453,3.3989,3.2368,3.2597,2500954.34
2020-12-20,3.2569,3.3248,3.0966,3.17,2825724.06
2020-12-21,3.1697,3.2809,2.9144,2.9574,3300998.12
2020-12-22,2.9593,3.0359,2.82,3.0043,2624456.39
2020-12-23,3.0026,3.0249,1.9912,2.3303,5694138.25
2020-12-24,2.3327,2.5999,2.2562,2.5923,4324148.2
2020-12-25,2.5958,2.7696,2.5372,2.5971,2930805.44
2020-12-26,2.5965,2.6453,2.5008,2.5391,2144646.41
2020-12-27,2.5424,2.8541,2.4101,2.6441,4171128.65
2020-12-28,2.6397,2.7999,2.5888,2.661,3371769.47
2020-12-29,2.66,2.7275,2.422,2.5641,3720974.69
2020-12-30,2.5664,2.5892,2.4318,2.4605,1771041.47
2020-12-31,2.4614,2.5692,2.352,2.4737,2485051.22
2021-01-01,2.4742,2.7682,2.4397,2.5432,4559805.74
2021-01-02,2.5432,2.7297,2.4583,2.5422,4624705.76
2021-01-03,2.5408,3.0714,2.4853,3.0498,8579911.11
2021-01-04,3.0529,3.4777,2.6842,3.2938,16490998.82
2021-01-05,3.2927,3.76,3.1423,3.5141,17127483.26
2021-01-06,3.513,3.944,3.347,3.7082,9949278.94
2021-01-07,3.71,3.94,3.3087,3.508,8847354.9
2021-01-08,3.5085,3.5792,3.0864,3.4039,7029121.78
2021-01-09,3.4043,3.8367,3.301,3.7078,6939860.91
2021-01-10,3.7089,4.1415,3.2302,3.6526,12845737.28
2021-01-11,3.6526,3.6708,2.6,3.0974,11620934.95
2021-01-12,3.0935,3.278,2.8792,2.9982,5247194.26
2021-01-13,2.996,3.284,2.8903,3.2459,3857505.81
2021-01-14,3.2474,3.3827,3.0798,3.2451,5259943.72
2021-01-15,3.2452,3.8952,3.2143,3.604,13712341.54
2021-01-16,3.6033,3.8753,3.4537,3.5499,10441595.99
2021-01-17,3.5492,3.8,3.3351,3.7236,7773244.36
2021-01-18,3.722,4.4444,3.6435,4.21,17251007.11
2021-01-19,4.2189,4.3425,3.8123,3.8539,7993911.82
2021-01-20,3.8538,4.0298,3.481,3.8353,6646941.69
2021-01-21,3.8338,3.852,3.1898,3.2004,8181252.01
2021-01-22,3.2,3.5107,2.954,3.3566,5908988.59
2021-01-23,3.3538,3.769,3.3,3.629,8841047.97
2021-01-24,3.6275,3.8756,3.4465,3.5888,7734020.63
2021-01-25,3.5888,3.8371,3.4986,3.5439,8901574.48
2021-01-26,3.5433,3.673,3.2548,3.4403,5771644.47
2021-01-27,3.4402,3.4491,3.0656,3.1175,4334402.3
2021-01-28,3.1206,3.4035,3.0536,3.3054,4316158.76
2021-01-29,3.304,3.8369,3.2969,3.5045,14441881.71
2021-01-30,3.5038,3.608,3.339,3.4828,5120834.68
2021-01-31,3.4825,3.788,3.417,3.5237,8249273.78
2021-02-01,3.5237,4.4167,3.383,4.168,22659678.2
2021-02-02,4.168,4.1704,3.8,3.9526,10902304.43
2021-02-03,3.9528,4.8281,3.876,4.6318,19175789.37
2021-02-04,4.629,4.6775,4.0957,4.4415,12324362.77
2021-02-05,4.4439,5.4974,4.4037,5.1567,18966076.37
2021-02-06,5.1579,5.3984,4.65,4.902,11803805.67
2021-02-07,4.9049,5.0249,4.269,4.6205,10521193.76
2021-02-08,4.6235,4.95,4.4885,4.8692,9498886.29
2021-02-09,4.8661,5.2528,4.65,5.1196,11454974.73
2021-02-10,5.1197,5.9494,4.8955,5.582,16967246.81
2021-02-11,5.5818,6.21,5.3449,5.9635,14583828.22
2021-02-12,5.9502,6.32,5.6477,6.1436,10863552.25
2021-02-13,6.1454,7.9741,6.1393,7.6958,24639752.09
2021-02-14,7.7082,7.821,6.3385,6.6903,12872938.7
2021-02-15,6.69,6.939,5.506,6.1937,12175679.44
2021-02-16,6.1922,6.5595,5.9001,6.1716,7259423.97
2021-02-17,6.1756,6.4199,5.7054,6.3886,6265907.92
2021-02-18,6.3906,6.69,6.276,6.5367,6891472.87
2021-02-19,6.5384,6.75,6.21,6.5368,6079194.45
2021-02-20,6.5383,6.94,5.9414,6.2251,10333027.97
2021-02-21,6.2167,6.5285,6.0831,6.3325,5100408.51
2021-02-22,6.3372,6.35,4.58,5.5483,10738191.6
2021-02-23,5.5516,5.593,3.775,4.6802,14589335.27
2021-02-24,4.68,5.1491,4.403,4.7282,7138143.91
2021-02-25,4.7268,5.0973,4.4906,4.5371,4415425.16
2021-02-26,4.537,4.6846,4.1122,4.4415,4525289.15
2021-02-27,4.4415,4.7251,4.3897,4.4837,3219505.76
2021-02-28,4.4792,4.553,3.9394,4.2648,3740358.32
2021-03-01,4.2684,4.6768,4.2061,4.6103,4214519.83
2021-03-02,4.6154,4.9315,4.4391,4.6637,5972970.07
2021-03-03,4.6619,4.9998,4.6073,4.8374,4781709.35
2021-03-04,4.8367,4.9763,4.5182,4.6627,4427677.02
2021-03-05,4.6592,4.68,4.3134,4.6145,3692619.69
2021-03-06,4.6176,5.2608,4.5121,5.0591,7443425.97
2021-03-07,5.0607,5.2431,4.8907,5.128,4814660.8
2021-03-08,5.1286,5.2411,4.9079,5.1776,4055180.31
2021-03-09,5.1775,5.5284,5.0878,5.4214,6263409.8
2021-03-10,5.4168,5.4496,4.932,5.053,5016795.86
2021-03-11,5.0586,5.2258,4.7814,5.22,5253806.54
2021-03-12,5.2217,5.482,4.9289,5.123,6668539.1
2021-03-13,5.1158,5.39,4.8407,5.3225,5343920.91
2021-03-14,5.3244,5.4305,5.0657,5.0665,3650958.54
2021-03-15,5.0672,5.3304,4.8106,5.023,6076376.61
2021-03-16,5.0193,5.1998,4.7789,5.1865,4081419.34
2021-03-17,5.187,5.6874,5.0477,5.5978,6145764.51
2021-03-18,5.5972,6.2001,5.5191,6.0847,8879720.37
2021-03-19,6.083,6.3585,5.8375,5.9129,6788714.05
2021-03-20,5.9129,6.0549,5.6405,5.6783,3893547.42
2021-03-21,5.6787,5.7363,5.378,5.5771,3774242.77
2021-03-22,5.5741,5.8643,5.2,5.2687,5144951.78
2021-03-23,5.2691,5.7995,5.1508,5.7515,5751196.02
2021-03-24,5.7468,5.9203,4.9,5.093,5965400.65
2021-03-25,5.0917,5.1379,4.6927,4.9502,5644115.51
2021-03-26,4.9478,5.3224,4.9434,5.3089,3748100.11
2021-03-27,5.3072,5.4677,5.1782,5.324,3394348.57
2021-03-28,5.3242,6.2129,5.2593,5.882,8651655.48
2021-03-29,5.8778,7.1707,5.8413,6.779,12070513.11
2021-03-30,6.7826,7.34,6.5753,6.6116,7977367.06
2021-03-31,6.6105,8.4,6.4806,7.9015,15934072.29
2021-04-01,7.8942,8.086,7.3206,7.385,7792998.5
2021-04-02,7.3878,7.6983,7.0856,7.5354,6668716.03
2021-04-03,7.53,7.5438,6.7131,6.7512,5440801.48
2021-04-04,6.7509,8.027,6.62,7.8451,7968634.6
2021-04-05,7.8494,8.78,7.8449,8.7112,12158496.66
2021-04-06,8.7063,9.6239,8.2057,9.3097,12595457.2
2021-04-07,9.305,11.28,8.6523,9.9502,36683774.04
2021-04-08,9.9526,10.2787,9.0,10.2091,12271569.56
2021-04-09,10.2089,11.14,9.5154,10.4425,10451256.0
2021-04-10,10.4509,11.337,9.6377,10.0534,9172052.71
2021-04-11,10.0543,10.1526,9.4292,9.6193,5199158.99
2021-04-12,9.6161,9.7424,9.0908,9.3644,4948492.83
2021-04-13,9.363,9.7291,9.0078,9.5545,5023482.65
2021-04-14,9.5515,9.9989,8.8043,9.276,6902783.8
2021-04-15,9.271,9.8456,9.0924,9.6985,5418854.24
2021-04-16,9.7034,10.6579,8.9238,10.15,10401004.87
2021-04-17,10.149,10.4,9.2886,9.4085,6031049.09
2021-04-18,9.4019,9.5044,6.75,8.421,9980017.47
2021-04-19,8.4268,9.1871,7.7555,7.8238,11630163.31
2021-04-20,7.8255,8.0519,6.9,7.9171,7127012.28
2021-04-21,7.9195,8.4544,7.3857,7.6356,6447963.08
2021-04-22,7.6395,8.1942,6.92,6.9702,8467762.09
2021-04-23,6.9707,7.1586,5.5742,6.5686,12878922.33
2021-04-24,6.5636,6.6222,5.9306,6.0045,5189384.32
2021-04-25,6.0049,6.6918,5.8001,6.1973,4678272.93
2021-04-26,6.1958,7.1025,6.1001,7.1012,5513422.66
2021-04-27,7.0952,7.5783,6.983,7.5515,4014856.54
2021-04-28,7.5599,7.8852,6.9152,7.4001,4218331.29
2021-04-29,7.4045,7.465,6.9494,7.2617,3372648.33
2021-04-30,7.2592,7.8387,7.1138,7.7497,3647122.76
2021-05-01,7.7464,8.216,7.5805,8.1419,4420122.5
2021-05-02,8.142,8.1825,7.5974,7.8379,3636478.96
2021-05-03,7.8373,9.5316,7.8167,9.3458,11438642.58
2021-05-04,9.3457,10.2296,8.3775,8.694,19437117.61
2021-05-05,8.6885,10.2875,8.5892,9.9096,12770679.91
2021-05-06,9.9059,13.2,9.5532,13.1372,19625308.23
2021-05-07,13.1257,15.35,11.15,11.8693,42519386.68
2021-05-08,11.8785,12.4975,11.2179,11.8305,11844601.62
2021-05-09,11.8282,12.4917,10.86,11.6274,7927031.61
2021-05-10,11.6224,12.1941,9.4,10.0599,9978148.59
2021-05-11,10.0464,12.5658,9.563,12.3302,19169630.75
2021-05-12,12.3238,12.3605,9.456,9.687,13026824.76
2021-05-13,9.6534,10.4839,9.0,9.6622,11702264.27
2021-05-14,9.6599,10.8999,9.601,10.2417,8985758.87
2021-05-15,10.2404,10.5299,9.2839,9.3371,6853578.83
2021-05-16,9.3357,10.5719,8.7153,9.3233,9763708.16
2021-05-17,9.3147,9.3162,7.9593,8.4798,10353245.93
2021-05-18,8.4825,9.2582,8.385,8.6829,8393577.94
2021-05-19,8.6827,8.8567,4.1706,5.4215,20033595.14
2021-05-20,5.4394,6.9771,4.8594,6.6563,14042874.03
2021-05-21,6.6522,7.2756,4.8071,5.6492,14348281.54
2021-05-22,5.6496,5.7115,4.7933,5.1675,9555506.34
2021-05-23,5.1694,5.4846,3.3763,4.2821,16346142.23
2021-05-24,4.2856,6.9775,4.2403,6.2693,31948823.21
2021-05-25,6.2692,6.5409,5.4891,6.1447,12971737.79
2021-05-26,6.1454,7.7,6.1422,7.2416,15539453.84
2021-05-27,7.2424,7.9943,7.0744,7.2504,12412434.34
2021-05-28,7.2587,7.3186,5.9319,6.2628,14293039.94
2021-05-29,6.2646,6.7158,5.4609,5.8594,9670632.23
2021-05-30,5.8612,6.5254,5.4299,6.066,7492657.72
2021-05-31,6.0648,6.6302,5.8558,6.5988,7114244.04
2021-06-01,6.5989,6.71,6.1507,6.3233,6831858.1
2021-06-02,6.3249,6.797,6.1278,6.4511,6946317.69
2021-06-03,6.4516,7.0915,6.3564,6.6996,6814210.37
2021-06-04,6.7009,6.8811,5.7727,6.192,8845729.03
2021-06-05,6.1925,6.461,5.6528,5.873,6422847.28
2021-06-06,5.8708,6.1189,5.7973,6.0297,3947087.32
2021-06-07,6.0324,6.1971,5.3023,5.364,4144100.35
2021-06-08,5.3663,5.4999,4.7361,5.3592,7573468.64
2021-06-09,5.3566,5.5365,5.0675,5.5175,6556982.99
2021-06-10,5.5188,5.5816,4.9555,5.0767,5347415.33
2021-06-11,5.0766,5.2803,4.6611,4.7734,4614846.99
2021-06-12,4.7731,4.8596,4.35,4.6416,5445006.92
2021-06-13,4.6416,5.1586,4.4536,5.05,5537640.99
2021-06-14,5.0483,5.23,4.91,5.2056,5557486.16
2021-06-15,5.2056,5.5803,5.0806,5.1827,5743485.84
2021-06-16,5.1824,5.3688,4.9944,5.056,4841077.93
2021-06-17,5.0555,5.4047,4.9315,5.0373,3782475.39
2021-06-18,5.0369,5.119,4.5152,4.6319,4753499.45
2021-06-19,4.632,4.7536,4.4578,4.4689,3056512.99
2021-06-20,4.4697,4.6551,4.1493,4.5779,3510500.98
2021-06-21,4.5793,4.6146,3.4427,3.4552,7989959.52
2021-06-22,3.4566,3.7159,2.892,3.3235,12444272.75
2021-06-23,3.3256,3.8616,3.1656,3.7162,6866315.0
2021-06-24,3.7158,4.0544,3.5133,3.9014,4940062.56
2021-06-25,3.9014,3.99,3.4852,3.5158,6741817.28
2021-06-26,3.5146,3.6664,3.3192,3.5499,5789452.23
2021-06-27,3.5509,3.7224,3.4265,3.7151,4296595.54
2021-06-28,3.7156,3.8838,3.6153,3.8691,4145657.0
2021-06-29,3.8691,4.3751,3.8472,4.2251,5300265.75
2021-06-30,4.2254,4.5169,4.007,4.3747,7993195.12
2021-07-01,4.3746,4.4513,4.0436,4.1368,5291191.28
2021-07-02,4.1368,4.2216,3.87,4.1447,3101022.47
2021-07-03,4.1455,4.6504,4.0336,4.5947,4318624.71
2021-07-04,4.5953,4.6355,4.344,4.5299,4188158.53
2021-07-05,4.5305,4.875,4.2637,4.4189,8656094.4
2021-07-06,4.4192,4.7696,4.3747,4.5508,6664643.95
2021-07-07,4.5493,4.7099,4.4616,4.5056,3771487.11
2021-07-08,4.5057,4.5126,3.993,4.0768,5129233.93
2021-07-09,4.0789,4.2407,3.8286,4.1638,4149970.86
2021-07-10,4.1637,4.2857,3.9171,4.0625,3501630.74
2021-07-11,4.0632,4.2716,4.0125,4.1632,3082719.52
2021-07-12,4.164,4.2815,3.9766,4.0631,3574725.29
2021-07-13,4.0632,4.0995,3.8272,3.8956,3393265.83
2021-07-14,3.8956,3.9508,3.6242,3.8973,4974701.44
2021-07-15,3.897,3.9639,3.6667,3.7647,5406637.88
2021-07-16,3.7642,3.8925,3.5545,3.597,5153796.09
2021-07-17,3.5976,3.7691,3.5744,3.6709,4963821.93
2021-07-18,3.6712,3.899,3.6051,3.6544,5592166.41
2021-07-19,3.6557,3.6732,3.3244,3.3424,5083975.9
2021-07-20,3.343,3.4448,3.0413,3.1716,6372494.79
2021-07-21,3.1723,3.5152,3.0848,3.464,5000649.77
2021-07-22,3.4642,3.6158,3.3821,3.587,4982537.89
2021-07-23,3.5863,3.7216,3.4568,3.7027,3819612.92
2021-07-24,3.7041,3.8096,3.6442,3.7241,3874730.72
2021-07-25,3.725,3.7871,3.5953,3.7793,3037165.63
2021-07-26,3.7793,4.1605,3.7786,3.7911,7543064.65
2021-07-27,3.7908,3.9331,3.6801,3.9307,4175696.01
2021-07-28,3.9267,4.0084,3.8001,3.9391,4154957.59
2021-07-29,3.9399,4.1287,3.824,4.1039,4208810.16
2021-07-30,4.1042,4.263,3.92,4.2468,5359463.86
2021-07-31,4.2475,4.5128,4.1743,4.4565,5258020.62
2021-08-01,4.4574,4.7784,4.2571,4.2991,6620797.8
2021-08-02,4.2999,4.45,4.1797,4.3664,4292576.01
2021-08-03,4.3666,4.4432,4.0665,4.2018,3881006.3
2021-08-04,4.2024,4.3735,4.06,4.3333,3535406.0
2021-08-05,4.3328,4.4979,4.15,4.4661,4426837.23
2021-08-06,4.4667,4.7721,4.3379,4.728,4748635.1
2021-08-07,4.731,5.3631,4.6575,5.0656,11250412.0
2021-08-08,5.0661,5.1501,4.7023,4.7677,6225426.38
2021-08-09,4.768,5.215,4.6008,4.9782,5576772.82
2021-08-10,4.9785,5.2081,4.8989,5.1233,4613897.85
2021-08-11,5.1248,5.4731,5.0925,5.2565,4594255.07
2021-08-12,5.2564,5.4981,4.8254,5.0408,6038689.52
2021-08-13,5.0408,5.6589,4.9588,5.6182,6558279.59
2021-08-14,5.6188,5.78,5.3594,5.6398,5919648.88
2021-08-15,5.6406,5.7316,5.3317,5.6868,4204677.42
2021-08-16,5.6867,5.9838,5.4521,5.6406,6657190.18
2021-08-17,5.6418,5.9021,5.1922,5.2353,7271798.63
2021-08-18,5.2352,5.3716,4.9201,5.1566,6325763.37
2021-08-19,5.1582,6.2628,4.9881,6.1676,14192554.64
2021-08-20,6.1677,6.5,5.9272,6.1539,10101394.22
2021-08-21,6.1536,6.5816,5.99,6.1431,9080841.64
2021-08-22,6.142,6.54,6.0,6.2723,6448735.72
2021-08-23,6.2714,7.35,6.1801,6.7673,14416188.11
2021-08-24,6.767,7.1789,6.1236,6.2922,11498312.06
2021-08-25,6.2923,6.8347,6.08,6.6412,9006443.55
2021-08-26,6.6418,6.746,5.93,5.983,7229279.17
2021-08-27,5.984,6.651,5.732,6.558,7055137.13
2021-08-28,6.556,6.615,6.286,6.447,5013689.0
2021-08-29,6.446,6.788,6.352,6.648,8101287.03
2021-08-30,6.65,6.694,6.18,6.227,5410159.5
2021-08-31,6.228,6.646,6.079,6.325,7145211.3
2021-09-01,6.325,6.889,6.139,6.764,7315731.64
2021-09-02,6.766,6.954,6.575,6.768,6230322.85
2021-09-03,6.768,7.105,6.554,6.954,7206562.47
2021-09-04,6.954,7.281,6.816,7.175,7394375.88
2021-09-05,7.175,9.12,7.065,8.97,18772698.16
2021-09-06,8.971,10.2798,8.367,9.035,31974255.92
2021-09-07,9.036,9.719,6.5,7.642,20903615.2
2021-09-08,7.645,8.5,6.648,8.052,15724201.6
2021-09-09,8.051,9.318,8.008,8.789,15003279.9
2021-09-10,8.788,9.539,7.733,8.179,12863456.2
2021-09-11,8.177,9.577,8.066,9.172,13276568.6
2021-09-12,9.17,10.044,8.753,9.465,16902536.0
2021-09-13,9.463,9.72,7.994,8.58,12783682.7
2021-09-14,8.575,9.026,8.17,8.983,9886521.3
2021-09-15,8.981,9.098,8.552,9.098,6637200.1
2021-09-16,9.099,9.298,8.555,8.943,6127581.1
2021-09-17,8.943,8.974,8.127,8.502,5005274.8
2021-09-18,8.504,8.962,8.296,8.8,5114241.1
2021-09-19,8.8,10.136,8.533,9.67,19448642.7
2021-09-20,9.67,11.347,7.796,10.279,40349562.53
2021-09-21,10.277,11.444,8.366,8.53,39514314.01
2021-09-22,8.534,9.771,8.276,9.547,25237442.2
2021-09-23,9.55,10.1,9.201,9.867,17122794.8
2021-09-24,9.867,9.918,8.4,9.148,19491006.8
2021-09-25,9.149,9.277,8.504,8.918,9358765.2
2021-09-26,8.918,9.387,7.976,9.08,12709261.1
2021-09-27,9.076,9.685,8.781,9.317,11431761.6
2021-09-28,9.315,9.853,8.749,8.923,17790684.7
2021-09-29,8.922,10.61,8.709,10.34,17735648.6
2021-09-30,10.334,12.493,10.254,12.471,26233459.11
2021-10-01,12.47,13.485,12.074,12.774,22139733.44
2021-10-02,12.778,16.487,12.559,15.54,28316564.08
2021-10-03,15.54,17.977,14.971,16.541,24600533.73
2021-10-04,16.541,18.212,15.484,16.586,22507292.95
2021-10-05,16.584,17.188,15.253,15.554,14742328.7
2021-10-06,15.551,15.556,13.751,14.394,17947133.2
2021-10-07,14.396,16.09,13.8,14.939,14330955.6
2021-10-08,14.943,15.575,12.842,14.015,13038011.4
2021-10-09,14.017,14.484,13.72,14.105,8240046.7
2021-10-10,14.108,14.551,12.471,12.882,13148540.0
2021-10-11,12.881,14.897,12.71,13.566,17300192.4
2021-10-12,13.566,15.5,13.313,14.66,19735537.5
2021-10-13,14.657,15.947,14.532,15.001,13419851.6
2021-10-14,15.001,15.246,14.26,14.461,6415028.0
2021-10-15,14.463,14.72,13.699,13.909,9543830.1
2021-10-16,13.907,14.575,13.819,14.119,4336996.6
2021-10-17,14.12,14.253,13.33,13.791,3355278.9
2021-10-18,13.791,14.492,13.629,13.977,4898572.8
2021-10-19,13.973,14.237,13.704,14.19,2922853.3
2021-10-20,14.191,14.745,13.81,14.668,4072044.1
2021-10-21,14.668,15.992,14.363,14.78,9405139.9
2021-10-22,14.78,16.234,13.948,14.164,13512918.2
2021-10-23,14.164,14.542,13.954,14.23,4738176.1
2021-10-24,14.23,14.778,13.851,14.337,7058641.8
2021-10-25,14.336,15.314,14.136,14.464,8075405.5
2021-10-26,14.464,14.757,14.004,14.097,5662600.7
2021-10-27,14.097,14.255,11.902,12.718,11834189.3
2021-10-28,12.718,13.371,12.516,13.213,8895615.3
2021-10-29,13.212,13.697,12.926,13.567,6994749.0
2021-10-30,13.575,14.191,13.144,13.54,6685810.8
2021-10-31,13.542,13.693,12.84,13.411,5740710.9
2021-11-01,13.41,15.177,13.334,14.679,17732425.8
2021-11-02,14.68,15.608,14.419,14.808,12688496.6
2021-11-03,14.808,15.411,13.877,15.347,15875637.8
2021-11-04,15.345,19.22,15.18,19.216,35062562.62
2021-11-05,19.216,20.124,16.691,17.159,32188545.43
2021-11-06,17.159,17.17,15.75,16.675,13153726.6
2021-11-07,16.683,17.666,16.268,16.462,13000539.8
2021-11-08,16.461,17.917,15.56,17.503,20327063.3
2021-11-09,17.496,18.023,15.933,16.4,28701093.6
2021-11-10,16.401,17.49,14.724,15.208,21988882.0
2021-11-11,15.207,19.7,15.088,17.403,44948939.7
2021-11-12,17.403,17.508,12.2,13.042,76354997.1
2021-11-13,13.041,13.274,11.721,12.19,16937145.8
2021-11-14,12.19,12.205,11.526,11.835,8723053.7
2021-11-15,11.838,11.856,11.111,11.174,10358733.2
2021-11-16,11.173,11.175,9.27,10.301,25660875.4
2021-11-17,10.301,10.94,10.09,10.387,24199738.1
2021-11-18,10.387,10.39,8.783,9.058,17777615.6
2021-11-19,9.059,10.619,8.883,10.151,26961583.9
2021-11-20,10.151,10.166,9.559,9.9,10130159.0
2021-11-21,9.902,9.912,9.463,9.499,10355749.7
2021-11-22,9.502,9.525,8.963,9.089,10542140.0
2021-11-23,9.09,9.439,8.994,9.326,9555377.9
2021-11-24,9.323,9.362,8.526,8.646,9683102.2
2021-11-25,8.645,9.105,8.537,8.89,8614577.8
2021-11-26,8.894,8.931,7.815,7.993,16366841.1
2021-11-27,7.993,8.27,7.951,8.126,5428275.9
2021-11-28,8.126,8.167,7.45,8.101,8026576.9
2021-11-29,8.1,8.943,7.979,8.779,9373214.8
2021-11-30,8.779,9.311,8.559,8.638,21327391.0
2021-12-01,8.639,8.753,8.2,8.286,7151057.6
2021-12-02,8.286,8.327,8.01,8.1,5167941.8
2021-12-03,8.1,8.265,7.316,7.653,9601210.1
2021-12-04,7.653,7.689,4.776,6.603,30120308.3
2021-12-05,6.602,6.721,5.969,6.228,17044751.8
2021-12-06,6.228,6.553,5.676,6.438,24789073.3
2021-12-07,6.442,7.408,6.406,7.046,15399396.5
2021-12-08,7.046,7.343,6.57,7.134,13144350.3
2021-12-09,7.134,7.211,6.38,6.397,12092231.0
2021-12-10,6.396,6.579,5.995,6.025,10705831.7
2021-12-11,6.026,6.388,5.881,6.357,9038003.2
2021-12-12,6.358,6.542,6.226,6.44,5246130.4
2021-12-13,6.441,6.685,5.586,5.728,14384146.0
2021-12-14,5.728,6.141,5.608,5.977,11358815.8
2021-12-15,5.975,6.191,5.545,6.041,10991659.1
2021-12-16,6.043,6.444,6.029,6.117,10790269.6
2021-12-17,6.118,6.619,5.823,5.924,14294663.8
2021-12-18,5.924,6.184,5.805,6.042,5512061.2
2021-12-19,6.042,6.216,5.884,5.921,5295958.1
2021-12-20,5.92,5.974,5.582,5.864,8606926.5
2021-12-21,5.864,6.145,5.823,6.128,5255958.5
2021-12-22,6.129,6.8,6.047,6.546,9379914.6
2021-12-23,6.545,6.997,6.411,6.906,17420485.4
2021-12-24,6.907,7.082,6.595,6.685,8428845.6
2021-12-25,6.685,6.938,6.622,6.816,5534576.6
2021-12-26,6.817,6.993,6.613,6.814,5548227.0
2021-12-27,6.815,7.197,6.774,6.87,7172273.1
2021-12-28,6.871,6.873,6.213,6.244,9088541.3
2021-12-29,6.245,6.416,5.856,5.925,9665573.2
2021-12-30,5.924,6.151,5.78,6.062,6916504.4
2021-12-31,6.062,6.139,5.718,5.867,7079287.2
2022-01-01,5.869,6.13,5.868,6.115,5043619.1
2022-01-02,6.116,6.483,6.069,6.282,7091479.7
2022-01-03,6.283,6.455,6.064,6.188,7692704.6
2022-01-04,6.189,6.26,6.0,6.026,6590399.1
2022-01-05,6.027,6.245,5.305,5.569,7465447.8
2022-01-06,5.568,5.7,5.384,5.646,6719140.5
2022-01-07,5.645,5.691,5.203,5.511,7718740.5
2022-01-08,5.513,5.886,5.163,5.36,7698225.9
2022-01-09,5.36,5.497,5.287,5.352,4457150.7
2022-01-10,5.353,5.406,4.86,5.094,6882627.3
2022-01-11,5.094,5.413,5.034,5.32,4545273.5
2022-01-12,5.32,6.059,5.317,5.88,8459637.9
2022-01-13,5.879,6.36,5.871,5.947,10275999.7
2022-01-14,5.946,6.298,5.783,6.033,5833864.6
2022-01-15,6.032,6.853,6.023,6.726,9985613.5
2022-01-16,6.725,6.944,6.33,6.585,6580796.4
2022-01-17,6.586,6.59,5.972,6.255,5798657.7
2022-01-18,6.256,6.3,5.842,5.877,3636780.4
