time,open,high,low,close,volume,ema_s,ema_l,ema_cross
2021-12-08 03:00:00,4.024,4.148,4.022,4.117,83149.0,,,0
2021-12-08 04:00:00,4.115,4.23,4.112,4.207,56824.2,,,0
2021-12-08 05:00:00,4.216,4.222,4.037,4.062,96158.3,,,0
2021-12-08 06:00:00,4.062,4.123,4.05,4.102,42578.7,,,0
2021-12-08 07:00:00,4.102,4.149,4.072,4.103,32454.4,,,0
2021-12-08 08:00:00,4.103,4.214,4.089,4.187,56219.3,,,0
2021-12-08 09:00:00,4.187,4.3,4.146,4.148,102611.5,,,0
2021-12-08 10:00:00,4.151,4.93,4.151,4.566,1117643.5,,,0
2021-12-08 11:00:00,4.567,4.998,4.438,4.898,1139731.7,,,0
2021-12-08 12:00:00,4.894,6.33,4.748,6.006,5710150.8,,,0
2021-12-08 13:00:00,6.007,6.068,5.344,5.378,2342703.9,,,0
2021-12-08 14:00:00,5.372,5.435,5.152,5.27,1071743.9,,,0
2021-12-08 15:00:00,5.264,5.35,5.12,5.318,551686.5,,,0
2021-12-08 16:00:00,5.312,5.333,4.975,4.994,521083.2,,,0
2021-12-08 17:00:00,4.994,5.197,4.994,5.182,498680.4,,,0
2021-12-08 18:00:00,5.184,5.324,5.03,5.045,652513.7,,,0
2021-12-08 19:00:00,5.045,5.195,5.031,5.069,172376.2,,,0
2021-12-08 20:00:00,5.069,5.104,4.905,4.954,266425.9,,,0
2021-12-08 21:00:00,4.955,5.1,4.882,4.992,203722.3,,,0
2021-12-08 22:00:00,4.992,5.074,4.867,4.873,129434.5,,,0
2021-12-08 23:00:00,4.879,5.033,4.872,4.975,135137.1,,,0
2021-12-09 00:00:00,4.976,5.091,4.976,5.024,177568.7,,,0
2021-12-09 01:00:00,5.019,5.024,4.829,4.881,196464.2,,,0
2021-12-09 02:00:00,4.877,4.892,4.705,4.78,224812.0,,,0
2021-12-09 03:00:00,4.784,4.85,4.74,4.77,118376.2,,,0
2021-12-09 04:00:00,4.769,4.897,4.759,4.868,69748.3,,,0
2021-12-09 05:00:00,4.868,4.896,4.737,4.744,69575.2,,,0
2021-12-09 06:00:00,4.74,4.743,4.564,4.621,216356.6,,,0
2021-12-09 07:00:00,4.621,4.691,4.537,4.641,168343.1,,,0
2021-12-09 08:00:00,4.641,4.641,4.539,4.605,95289.2,,,0
2021-12-09 09:00:00,4.603,4.605,4.402,4.505,236081.4,,,0
2021-12-09 10:00:00,4.497,4.588,4.408,4.556,168694.1,,,0
2021-12-09 11:00:00,4.556,4.757,4.515,4.652,332953.1,,,0
2021-12-09 12:00:00,4.651,5.07,4.625,5.047,535040.6,,,0
2021-12-09 13:00:00,5.038,5.098,4.818,4.866,286045.6,,,0
2021-12-09 14:00:00,4.865,4.978,4.736,4.752,127098.0,,,0
2021-12-09 15:00:00,4.752,4.807,4.595,4.687,96947.0,,,0
2021-12-09 16:00:00,4.697,4.842,4.631,4.832,88610.2,,,0
2021-12-09 17:00:00,4.831,4.916,4.754,4.794,58310.1,,,0
2021-12-09 18:00:00,4.779,4.787,4.587,4.606,82041.8,,,0
2021-12-09 19:00:00,4.606,4.643,4.553,4.559,38582.3,,,0
2021-12-09 20:00:00,4.554,4.584,4.472,4.56,46267.0,,,0
2021-12-09 21:00:00,4.556,4.663,4.519,4.645,34842.1,,,0
2021-12-09 22:00:00,4.645,4.75,4.645,4.7,41512.9,,,0
2021-12-09 23:00:00,4.707,4.765,4.623,4.629,44699.0,,,0
2021-12-10 00:00:00,4.622,4.679,4.595,4.605,48370.4,,,0
2021-12-10 01:00:00,4.61,4.673,4.581,4.641,43137.2,,,0
2021-12-10 02:00:00,4.648,4.657,4.465,4.482,240052.8,,,0
2021-12-10 03:00:00,4.487,4.501,4.362,4.385,183389.2,,,0
2021-12-10 04:00:00,4.386,4.453,4.373,4.415,69085.5,,,0
2021-12-10 05:00:00,4.417,4.444,4.345,4.357,40870.9,,,0
2021-12-10 06:00:00,4.359,4.4,4.303,4.305,53433.9,,,0
2021-12-10 07:00:00,4.312,4.328,4.236,4.251,61064.1,,,0
2021-12-10 08:00:00,4.256,4.344,4.233,4.331,44537.1,,,0
2021-12-10 09:00:00,4.337,4.421,4.264,4.421,85933.3,,,0
2021-12-10 10:00:00,4.414,4.424,4.357,4.358,24363.4,,,0
2021-12-10 11:00:00,4.358,4.471,4.344,4.45,79046.6,,,0
2021-12-10 12:00:00,4.441,4.531,4.437,4.484,57335.9,,,0
2021-12-10 13:00:00,4.484,4.551,4.42,4.515,49620.0,,,0
2021-12-10 14:00:00,4.513,4.57,4.311,4.322,85491.8,,,0
2021-12-10 15:00:00,4.316,4.388,4.251,4.282,65868.1,,,0
2021-12-10 16:00:00,4.274,4.303,4.194,4.28,51126.6,,,0
2021-12-10 17:00:00,4.268,4.308,4.156,4.221,65667.9,,,0
2021-12-10 18:00:00,4.219,4.247,4.15,4.184,63675.4,,,0
2021-12-10 19:00:00,4.183,4.25,4.17,4.237,18313.8,,,0
2021-12-10 20:00:00,4.235,4.266,4.232,4.266,9915.0,,,0
2021-12-10 21:00:00,4.262,4.281,4.168,4.177,39527.0,,,0
2021-12-10 22:00:00,4.176,4.206,4.155,4.168,28364.3,,,0
2021-12-10 23:00:00,4.161,4.201,4.082,4.105,58044.1,,,0
2021-12-11 00:00:00,4.111,4.185,4.041,4.096,59567.1,,,0
2021-12-11 01:00:00,4.09,4.187,4.082,4.151,28244.1,,,0
2021-12-11 02:00:00,4.143,4.188,4.101,4.157,19436.5,,,0
2021-12-11 03:00:00,4.165,4.196,4.149,4.152,9266.5,,,0
2021-12-11 04:00:00,4.155,4.183,4.148,4.162,12184.8,,,0
2021-12-11 05:00:00,4.162,4.19,4.123,4.137,18083.1,,,0
2021-12-11 06:00:00,4.142,4.215,4.1,4.101,39444.7,,,0
2021-12-11 07:00:00,4.101,4.146,4.079,4.129,28792.8,,,0
2021-12-11 08:00:00,4.133,4.288,4.116,4.189,80644.5,,,0
2021-12-11 09:00:00,4.187,4.217,4.127,4.217,30693.3,,,0
2021-12-11 10:00:00,4.216,4.285,4.176,4.271,28156.5,,,0
2021-12-11 11:00:00,4.274,4.274,4.196,4.202,26153.2,,,0
2021-12-11 12:00:00,4.203,4.247,4.167,4.202,41679.2,,,0
2021-12-11 13:00:00,4.205,4.253,4.161,4.203,30919.1,,,0
2021-12-11 14:00:00,4.203,4.316,4.172,4.309,40175.8,,,0
2021-12-11 15:00:00,4.308,4.316,4.238,4.275,28173.9,,,0
2021-12-11 16:00:00,4.28,4.384,4.243,4.334,52470.9,,,0
2021-12-11 17:00:00,4.34,4.348,4.287,4.301,16964.7,,,0
2021-12-11 18:00:00,4.293,4.334,4.247,4.3,42266.5,,,0
2021-12-11 19:00:00,4.292,4.3,4.236,4.236,14400.6,,,0
2021-12-11 20:00:00,4.237,4.296,4.237,4.273,3176.4,,,0
2021-12-11 21:00:00,4.276,4.295,4.248,4.272,18928.7,,,0
2021-12-11 22:00:00,4.278,4.292,4.261,4.286,5647.3,,,0
2021-12-11 23:00:00,4.279,4.316,4.263,4.278,5851.3,,,0
2021-12-12 00:00:00,4.277,4.3,4.22,4.266,24785.3,,,0
2021-12-12 01:00:00,4.269,4.276,4.225,4.225,14643.0,,,0
2021-12-12 02:00:00,4.225,4.285,4.224,4.249,21458.6,,,0
2021-12-12 03:00:00,4.251,4.282,4.236,4.28,11383.2,,,0
2021-12-12 04:00:00,4.278,4.282,4.228,4.25,5885.9,,,0
2021-12-12 05:00:00,4.24,4.261,4.238,4.249,3100.3,,,0
2021-12-12 06:00:00,4.246,4.278,4.227,4.276,11335.8,,,0
2021-12-12 07:00:00,4.276,4.464,4.262,4.447,125791.1,,,0
2021-12-12 08:00:00,4.452,4.869,4.408,4.635,393923.4,,,0
2021-12-12 09:00:00,4.631,4.7,4.442,4.442,112848.7,,,0
2021-12-12 10:00:00,4.442,4.532,4.386,4.53,72755.2,,,0
2021-12-12 11:00:00,4.529,4.529,4.338,4.383,113784.9,,,0
2021-12-12 12:00:00,4.379,4.463,4.371,4.425,59746.0,,,0
2021-12-12 13:00:00,4.422,4.755,4.414,4.61,122320.3,,,0
2021-12-12 14:00:00,4.609,4.634,4.421,4.422,73993.1,,,0
2021-12-12 15:00:00,4.426,4.53,4.401,4.439,47251.6,,,0
2021-12-12 16:00:00,4.439,4.592,4.391,4.508,75732.6,,,0
2021-12-12 17:00:00,4.508,4.545,4.473,4.517,23949.2,,,0
2021-12-12 18:00:00,4.525,4.536,4.496,4.529,26860.9,,,0
2021-12-12 19:00:00,4.53,4.531,4.502,4.511,10330.6,,,0
2021-12-12 20:00:00,4.515,4.657,4.503,4.62,33386.1,,,0
2021-12-12 21:00:00,4.613,4.667,4.521,4.553,50350.0,,,0
2021-12-12 22:00:00,4.547,4.556,4.488,4.504,11169.3,,,0
2021-12-12 23:00:00,4.505,4.519,4.438,4.487,32674.5,,,0
2021-12-13 00:00:00,4.477,4.531,4.46,4.487,15175.2,,,0
2021-12-13 01:00:00,4.487,4.5,4.328,4.328,53923.2,,,0
2021-12-13 02:00:00,4.331,4.373,4.285,4.31,25212.0,4.380615372910387,,0
2021-12-13 03:00:00,4.305,4.484,4.275,4.416,65957.5,4.381200242779637,,0
2021-12-13 04:00:00,4.417,4.575,4.414,4.567,42294.5,4.3842713131469155,,0
2021-12-13 05:00:00,4.559,4.776,4.551,4.755,168632.5,4.3903990600370495,,0
2021-12-13 06:00:00,4.742,5.022,4.72,4.849,538221.0,4.397979240862884,,0
2021-12-13 07:00:00,4.828,4.876,4.586,4.589,160529.9,4.4011366087825055,,0
2021-12-13 08:00:00,4.598,4.714,4.523,4.691,173787.1,4.405927739215852,,0
2021-12-13 09:00:00,4.692,4.785,4.579,4.71,175971.6,4.410953726997408,,0
2021-12-13 10:00:00,4.714,4.736,4.632,4.681,53905.2,4.415417301757782,,0
2021-12-13 11:00:00,4.68,5.375,4.675,5.105,1334932.7,4.426815362885753,,0
2021-12-13 12:00:00,5.106,5.24,4.912,4.965,583842.4,4.435710976722352,,0
2021-12-13 13:00:00,4.96,5.144,4.868,4.94,319805.3,4.444046332479008,,0
2021-12-13 14:00:00,4.935,4.935,4.744,4.835,218785.4,4.450508376570264,,0
2021-12-13 15:00:00,4.835,4.86,4.617,4.834,253703.0,4.456847081089764,,0
2021-12-13 16:00:00,4.834,4.912,4.651,4.773,267508.3,4.462072749170925,,0
2021-12-13 17:00:00,4.778,4.85,4.733,4.825,79153.8,4.46807154670529,,0
2021-12-13 18:00:00,4.826,4.85,4.727,4.793,88637.9,4.473442264941567,,0
2021-12-13 19:00:00,4.793,4.794,4.455,4.556,207084.6,4.47480685560369,,0
2021-12-13 20:00:00,4.553,4.652,4.537,4.588,120428.3,4.476677816668093,,0
2021-12-13 21:00:00,4.588,4.622,4.482,4.524,62609.3,4.477460001516554,,0
2021-12-13 22:00:00,4.517,4.798,4.503,4.68,104940.3,4.480807770086528,,0
2021-12-13 23:00:00,4.685,5.11,4.651,5.105,302223.1,4.4911249970272475,,0
2021-12-14 00:00:00,5.11,5.319,4.833,4.875,562999.9,4.497470038398698,,0
2021-12-14 01:00:00,4.879,5.043,4.804,4.985,194601.1,4.505528384871448,,0
2021-12-14 02:00:00,4.993,4.999,4.833,4.845,108539.7,4.511139485947953,,0
2021-12-14 03:00:00,4.848,4.929,4.794,4.852,90273.7,4.516773544031459,,0
2021-12-14 04:00:00,4.848,5.069,4.848,5.033,97908.6,4.5253062127251535,,0
2021-12-14 05:00:00,5.03,5.499,5.005,5.389,615470.0,4.539582143093333,,0
2021-12-14 06:00:00,5.389,5.452,5.156,5.271,285843.0,4.551671694447163,,0
2021-12-14 07:00:00,5.266,5.48,5.207,5.423,339539.0,4.566073815200102,,0
2021-12-14 08:00:00,5.417,5.749,5.227,5.672,485595.3,4.584353586849688,,0
2021-12-14 09:00:00,5.673,5.846,5.512,5.759,841281.1,4.603769230042255,,0
2021-12-14 10:00:00,5.746,5.888,5.439,5.484,759574.1,4.618318498967177,,0
2021-12-14 11:00:00,5.485,5.58,5.29,5.376,372214.6,4.630842160141274,,0
2021-12-14 12:00:00,5.377,5.405,5.161,5.324,323723.2,4.6422993145191045,,0
2021-12-14 13:00:00,5.33,5.373,5.186,5.34,118772.6,4.653831557254326,,0
2021-12-14 14:00:00,5.339,5.351,5.168,5.226,147140.9,4.663288886886486,,0
2021-12-14 15:00:00,5.227,5.479,5.197,5.301,209626.8,4.673829566442081,,0
2021-12-14 16:00:00,5.305,5.477,5.195,5.399,183273.2,4.6858158546000634,,0
2021-12-14 17:00:00,5.4,5.697,5.382,5.492,297468.0,4.6991412123752685,,0
2021-12-14 18:00:00,5.492,5.777,5.43,5.522,320371.3,4.712742184071545,,0
2021-12-14 19:00:00,5.521,5.614,5.46,5.513,117222.1,4.725969585987719,,0
2021-12-14 20:00:00,5.514,5.6,5.477,5.597,69743.8,4.740366782913542,,0
2021-12-14 21:00:00,5.59,6.135,5.556,5.9,696662.3,4.759534274105054,,0
2021-12-14 22:00:00,5.901,6.026,5.716,5.817,210159.3,4.777013046433896,,0
2021-12-14 23:00:00,5.815,6.16,5.81,6.001,297428.3,4.797244235749038,,0
2021-12-15 00:00:00,6.0,6.041,5.78,5.854,150231.5,4.814711273174675,,0
2021-12-15 01:00:00,5.853,5.922,5.713,5.728,74702.4,4.829806954609804,,0
2021-12-15 02:00:00,5.728,5.89,5.655,5.793,77934.7,4.845727500814601,,0
2021-12-15 03:00:00,5.789,5.818,5.652,5.71,52952.7,4.860012996668905,,0
2021-12-15 04:00:00,5.711,5.736,5.602,5.625,73414.3,4.872657409947106,,0
2021-12-15 05:00:00,5.625,5.754,5.526,5.749,187358.2,4.887142411435584,,0
2021-12-15 06:00:00,5.744,5.854,5.684,5.831,98777.0,4.902743363312682,,0
2021-12-15 07:00:00,5.833,5.843,5.625,5.756,116139.3,4.916846778795118,,0
2021-12-15 08:00:00,5.756,6.081,5.756,6.027,230442.4,4.935196418815034,,0
2021-12-15 09:00:00,6.027,6.32,6.006,6.219,387014.0,4.956416312718918,,0
2021-12-15 10:00:00,6.219,6.398,6.126,6.266,442872.8,4.978062324078937,,0
2021-12-15 11:00:00,6.266,6.449,6.133,6.42,254810.3,5.001896004672673,,0
2021-12-15 12:00:00,6.41,6.653,6.085,6.144,603222.0,5.020773756661555,,0
2021-12-15 13:00:00,6.144,6.353,6.025,6.33,236435.9,5.042413859857232,,0
2021-12-15 14:00:00,6.319,6.433,5.973,6.081,357469.3,5.059580572917444,,0
2021-12-15 15:00:00,6.084,6.096,5.85,5.973,256032.9,5.074678414687404,,0
2021-12-15 16:00:00,5.987,6.85,5.987,6.565,1503262.4,5.09931182932067,,0
2021-12-15 17:00:00,6.549,6.65,6.318,6.326,377502.6,5.119587666852561,,0
2021-12-15 18:00:00,6.318,6.693,6.255,6.601,215792.2,5.144073821119461,,0
2021-12-15 19:00:00,6.601,7.194,6.353,6.787,780542.2,5.171229625729056,,0
2021-12-15 20:00:00,6.78,6.89,6.627,6.776,158455.8,5.197754755882295,,0
2021-12-15 21:00:00,6.776,6.86,6.699,6.759,63116.8,5.223560462396637,,0
2021-12-15 22:00:00,6.757,7.066,6.754,7.056,146440.6,5.253848719216528,,0
2021-12-15 23:00:00,7.044,7.295,6.938,7.248,351033.1,5.286809897411296,,0
2021-12-16 00:00:00,7.248,7.28,6.801,6.912,307766.4,5.313672543735077,,0
2021-12-16 01:00:00,6.915,7.1,6.805,6.819,168750.2,5.3385539892931755,,0
2021-12-16 02:00:00,6.821,6.913,6.654,6.881,162422.5,5.36404896467676,,0
2021-12-16 03:00:00,6.888,7.25,6.87,7.118,377227.9,5.39303989088045,,0
2021-12-16 04:00:00,7.102,7.123,6.848,6.989,185811.5,5.419419396816311,,0
2021-12-16 05:00:00,6.982,7.188,6.853,7.179,269630.7,5.448503373728438,,0
2021-12-16 06:00:00,7.179,7.633,7.161,7.404,765124.0,5.480825632013918,,0
2021-12-16 07:00:00,7.4,7.526,7.18,7.235,426554.6,5.50982024966658,,0
2021-12-16 08:00:00,7.228,7.377,7.089,7.237,279388.0,5.538368675291927,,0
2021-12-16 09:00:00,7.23,7.285,7.072,7.174,168455.1,5.565403903799498,,0
2021-12-16 10:00:00,7.183,7.241,7.044,7.088,121093.5,5.590570781422647,,0
2021-12-16 11:00:00,7.1,7.122,6.894,7.045,271596.0,5.614610933795826,,0
2021-12-16 12:00:00,7.052,7.067,6.727,6.777,277061.7,5.633823976212424,,0
2021-12-16 13:00:00,6.777,6.87,6.554,6.862,287971.2,5.654124406357674,,0
2021-12-16 14:00:00,6.862,7.1,6.811,7.042,252479.8,5.677064498814572,,0
2021-12-16 15:00:00,7.043,7.045,6.782,6.859,125113.6,5.696600622801109,,0
2021-12-16 16:00:00,6.862,7.26,6.79,6.935,301846.7,5.717070033994479,,0
2021-12-16 17:00:00,6.923,6.951,6.522,6.554,249528.8,5.730903587151595,,0
2021-12-16 18:00:00,6.565,6.687,6.422,6.439,100085.8,5.742607660091239,,0
2021-12-16 19:00:00,6.436,6.518,6.301,6.357,177563.5,5.7527629053789875,,0
2021-12-16 20:00:00,6.354,6.49,6.352,6.354,76579.8,5.762700708595864,,0
2021-12-16 21:00:00,6.359,6.455,6.355,6.446,36240.0,5.773994911759569,,0
2021-12-16 22:00:00,6.454,6.459,6.325,6.352,60999.2,5.783548714870982,,0
2021-12-16 23:00:00,6.352,6.369,6.196,6.253,97859.2,5.791308240245015,,0
2021-12-17 00:00:00,6.25,6.37,6.151,6.333,191631.5,5.800261823050883,,0
2021-12-17 01:00:00,6.338,6.554,6.338,6.5,169827.2,5.811827743331035,,0
2021-12-17 02:00:00,6.498,6.5,6.101,6.225,281734.0,5.818657036829696,,0
2021-12-17 03:00:00,6.225,6.5,6.216,6.403,198928.9,5.828315598204411,,0
2021-12-17 04:00:00,6.405,6.499,6.224,6.309,102599.6,5.836260794928306,,0
2021-12-17 05:00:00,6.309,6.44,6.256,6.406,89411.0,5.845677971871639,,0
2021-12-17 06:00:00,6.399,6.466,6.22,6.23,95277.4,5.852030402088637,,0
2021-12-17 07:00:00,6.238,6.238,6.024,6.116,190701.2,5.8563935359384125,,0
2021-12-17 08:00:00,6.116,6.315,6.101,6.177,108971.5,5.861692816336125,,0
2021-12-17 09:00:00,6.173,6.18,6.032,6.11,74523.5,5.865797067305776,,0
2021-12-17 10:00:00,6.117,6.125,5.875,5.964,192248.5,5.867420256275929,,0
2021-12-17 11:00:00,5.968,6.09,5.939,5.949,97835.0,5.868768681792029,,0
2021-12-17 12:00:00,5.956,6.052,5.876,5.922,100407.3,5.869648538291335,,0
2021-12-17 13:00:00,5.925,5.961,5.85,5.86,69497.8,5.869489058319577,,0
2021-12-17 14:00:00,5.866,5.875,5.592,5.699,333682.9,5.866671057355618,,0
2021-12-17 15:00:00,5.7,5.867,5.583,5.861,169505.0,5.866577320870402,,0
2021-12-17 16:00:00,5.861,6.05,5.814,6.001,217960.3,5.868799183335354,,0
2021-12-17 17:00:00,5.998,6.003,5.761,5.784,66404.1,5.867397543941381,,0
2021-12-17 18:00:00,5.775,5.874,5.743,5.855,60699.9,5.867192625859706,,0
2021-12-17 19:00:00,5.866,5.867,5.758,5.766,23430.9,5.865520020473595,,0
2021-12-17 20:00:00,5.779,5.783,5.668,5.699,40431.2,5.862767623440974,,0
2021-12-17 21:00:00,5.698,5.803,5.66,5.75,34748.3,5.860903695780793,,0
2021-12-17 22:00:00,5.749,5.781,5.636,5.747,44588.2,5.859020990065408,,0
2021-12-17 23:00:00,5.755,5.779,5.695,5.702,32622.8,5.856425601799865,,0
2021-12-18 00:00:00,5.693,5.751,5.619,5.694,72947.1,5.853740881108958,,0
2021-12-18 01:00:00,5.702,5.714,5.554,5.564,61681.0,5.848951775636083,,0
2021-12-18 02:00:00,5.556,5.587,5.491,5.52,67457.7,5.843514556204082,,0
2021-12-18 03:00:00,5.52,5.774,5.52,5.766,90944.8,5.842233323870131,,0
2021-12-18 04:00:00,5.766,5.917,5.702,5.897,86585.7,5.843138558186328,,0
2021-12-18 05:00:00,5.91,5.939,5.818,5.839,54107.8,5.843070152265893,,0
2021-12-18 06:00:00,5.833,5.865,5.674,5.678,72106.0,5.840341719997036,,0
2021-12-18 07:00:00,5.687,5.79,5.68,5.773,36039.1,5.839228633716094,,0
2021-12-18 08:00:00,5.771,5.907,5.771,5.885,62547.1,5.839985185224919,,0
2021-12-18 09:00:00,5.881,5.92,5.756,5.829,75115.9,5.839803611915417,,0
2021-12-18 10:00:00,5.831,5.881,5.786,5.854,46623.2,5.840038262958138,,0
2021-12-18 11:00:00,5.854,6.2,5.837,6.197,199089.6,5.84593845695883,,0
2021-12-18 12:00:00,6.165,6.2,5.959,6.003,140243.6,5.848534515521495,,0
2021-12-18 13:00:00,6.005,6.095,5.921,5.93,75791.3,5.849881052455024,,0
2021-12-18 14:00:00,5.933,6.147,5.933,6.104,54445.2,5.854081365637587,,0
2021-12-18 15:00:00,6.104,6.2,6.08,6.101,81113.5,5.858162665379115,,0
2021-12-18 16:00:00,6.103,6.19,6.05,6.179,40601.8,5.863465761819129,,0
2021-12-18 17:00:00,6.175,6.175,5.952,5.968,62911.3,5.865193600466747,,0
2021-12-18 18:00:00,5.961,6.006,5.949,5.963,12467.0,5.866810235169776,,0
2021-12-18 19:00:00,5.961,5.962,5.85,5.923,41862.1,5.867738991613251,,0
2021-12-18 20:00:00,5.921,5.979,5.886,5.964,19708.3,5.869330082660966,,0
2021-12-18 21:00:00,5.953,5.962,5.867,5.94,33198.3,5.870498180468223,,0
2021-12-18 22:00:00,5.934,6.001,5.889,5.923,31099.9,5.8713659791381705,,0
2021-12-18 23:00:00,5.917,5.917,5.8,5.825,39288.3,5.870599599317705,,0
2021-12-19 00:00:00,5.823,5.844,5.647,5.7,72410.4,5.867779771229809,,0
2021-12-19 01:00:00,5.7,5.736,5.646,5.701,31500.2,5.865023080796259,,0
2021-12-19 02:00:00,5.697,5.872,5.689,5.871,32625.9,5.865121872849214,,0
2021-12-19 03:00:00,5.868,6.0,5.868,5.916,58440.3,5.865962833628566,,0
2021-12-19 04:00:00,5.913,6.09,5.913,6.074,39074.0,5.86940146447768,,0
2021-12-19 05:00:00,6.074,6.2,5.862,5.918,188163.6,5.870204746056562,,0
2021-12-19 06:00:00,5.916,6.105,5.905,5.932,110103.5,5.871226155212652,,0
2021-12-19 07:00:00,5.933,5.974,5.918,5.923,24677.3,5.872081921242195,,0
2021-12-19 08:00:00,5.931,5.975,5.896,5.972,29296.5,5.87373345973406,,0
2021-12-19 09:00:00,5.974,5.997,5.87,5.893,51894.3,5.874051914945068,,0
2021-12-19 10:00:00,5.886,5.895,5.745,5.819,61668.4,5.8731419659377115,,0
2021-12-19 11:00:00,5.813,5.858,5.769,5.847,26442.6,5.872709867327171,,0
2021-12-19 12:00:00,5.847,5.855,5.77,5.839,25910.0,5.872152679437466,,0
2021-12-19 13:00:00,5.84,5.912,5.791,5.877,47849.7,5.8722328004385,,0
2021-12-19 14:00:00,5.877,5.92,5.781,5.859,55001.7,5.8720140764643105,,0
2021-12-19 15:00:00,5.865,5.892,5.835,5.873,19743.2,5.8720303727211,,0
2021-12-19 16:00:00,5.872,5.889,5.78,5.784,38783.3,5.870575325238107,,0
2021-12-19 17:00:00,5.781,5.781,5.728,5.737,24734.6,5.868367468622602,,0
2021-12-19 18:00:00,5.737,5.737,5.661,5.704,23626.7,5.865650650959419,,0
2021-12-19 19:00:00,5.705,5.711,5.603,5.629,36775.1,5.861739069951826,,0
2021-12-19 20:00:00,5.627,5.69,5.617,5.656,16668.2,5.858338424167498,,0
2021-12-19 21:00:00,5.656,5.662,5.617,5.617,8636.7,5.854349359305226,,0
2021-12-19 22:00:00,5.617,5.706,5.617,5.683,15033.8,5.851517138490263,,0
2021-12-19 23:00:00,5.685,5.694,5.582,5.597,24420.5,5.847310243639185,,0
2021-12-20 00:00:00,5.597,5.597,5.458,5.551,120380.1,5.842412553661678,,0
2021-12-20 01:00:00,5.553,5.651,5.541,5.603,55335.3,5.838455321369749,,0
2021-12-20 02:00:00,5.591,5.597,5.527,5.554,28878.0,5.833753580520662,,0
2021-12-20 03:00:00,5.544,5.571,5.524,5.538,13650.1,5.828865091586437,,0
2021-12-20 04:00:00,5.533,5.563,5.458,5.518,45669.3,5.823726825609802,,0
2021-12-20 05:00:00,5.529,5.529,5.329,5.329,41294.4,5.815549522707161,,0
2021-12-20 06:00:00,5.328,5.422,5.302,5.39,150284.1,5.808515646298778,,0
2021-12-20 07:00:00,5.392,5.436,5.319,5.376,112246.1,5.801366627351691,,0
2021-12-20 08:00:00,5.378,5.405,5.325,5.349,36805.3,5.7938894930153,,0
2021-12-20 09:00:00,5.351,5.357,5.202,5.202,77230.8,5.7841061956100885,,0
2021-12-20 10:00:00,5.207,5.29,5.203,5.243,40460.1,5.775162291550418,,0
2021-12-20 11:00:00,5.243,5.326,5.233,5.253,40957.9,5.7665315098719,,0
2021-12-20 12:00:00,5.258,5.27,5.209,5.212,28425.2,5.757365699791373,,0
2021-12-20 13:00:00,5.218,5.265,5.189,5.189,33268.1,5.747971225414657,,0
2021-12-20 14:00:00,5.19,5.321,5.189,5.32,54541.9,5.7408973208623495,,0
2021-12-20 15:00:00,5.32,5.391,5.295,5.32,68776.3,5.733940340352229,,0
2021-12-20 16:00:00,5.327,5.69,5.313,5.599,155455.6,5.731709921503432,,0
2021-12-20 17:00:00,5.598,5.604,5.488,5.499,29533.5,5.7278634765199055,,0
2021-12-20 18:00:00,5.499,5.512,5.422,5.433,31393.9,5.722989700048502,,0
2021-12-20 19:00:00,5.431,5.533,5.407,5.521,30541.7,5.7196510273204275,,0
2021-12-20 20:00:00,5.521,5.656,5.521,5.627,55482.3,5.718119605381247,,0
2021-12-20 21:00:00,5.627,5.731,5.62,5.687,46701.9,5.717605231738583,,0
2021-12-20 22:00:00,5.685,5.834,5.59,5.59,117730.5,5.715496054354474,,0
2021-12-20 23:00:00,5.59,5.755,5.561,5.745,65247.2,5.7159837228775405,,0
2021-12-21 00:00:00,5.746,5.786,5.604,5.624,34654.5,5.714463330763863,,0
2021-12-21 01:00:00,5.619,5.74,5.57,5.702,56806.6,5.714257325296692,,0
2021-12-21 02:00:00,5.715,5.95,5.691,5.94,121067.5,5.717988609176086,,0
2021-12-21 03:00:00,5.938,6.2,5.91,6.066,307140.0,5.72374086356987,,0
2021-12-21 04:00:00,6.064,6.494,6.064,6.407,307320.8,5.735034403014997,,0
2021-12-21 05:00:00,6.41,6.576,6.2,6.32,310952.9,5.744703255857725,,0
2021-12-21 06:00:00,6.315,6.41,6.3,6.369,115535.1,5.755022210306358,,0
2021-12-21 07:00:00,6.365,6.62,6.32,6.542,238739.6,5.768030107656667,,0
2021-12-21 08:00:00,6.545,6.788,6.37,6.682,476924.1,5.783137048025979,,0
2021-12-21 09:00:00,6.684,7.307,6.62,7.015,1078390.1,5.803498419132988,,0
2021-12-21 10:00:00,7.017,7.15,6.744,7.02,590237.6,5.823605883279551,,0
2021-12-21 11:00:00,7.031,7.058,6.825,7.016,248278.9,5.843314876944352,,0
2021-12-21 12:00:00,7.015,7.449,6.941,7.115,999000.8,5.8643344657551895,,0
2021-12-21 13:00:00,7.116,7.183,6.871,7.137,462500.2,5.885370259709649,,0
2021-12-21 14:00:00,7.149,7.289,6.924,6.96,296905.3,5.903132734755771,,0
2021-12-21 15:00:00,6.961,7.046,6.785,6.842,281561.9,5.918651201949891,,0
2021-12-21 16:00:00,6.841,7.239,6.835,6.873,384607.9,5.93442556224824,,0
2021-12-21 17:00:00,6.871,6.893,6.762,6.839,120768.1,5.949377205847442,,0
2021-12-21 18:00:00,6.835,6.863,6.688,6.698,129226.4,5.961751136329304,,0
2021-12-21 19:00:00,6.696,6.883,6.565,6.839,173622.4,5.976251117547001,,0
2021-12-21 20:00:00,6.839,6.884,6.768,6.852,68440.2,5.99072630568672,,0
2021-12-21 21:00:00,6.85,7.121,6.835,7.008,269811.9,6.00754074691504,,0
2021-12-21 22:00:00,7.009,7.041,6.85,6.858,75686.9,6.0215979246519815,,0
2021-12-21 23:00:00,6.858,7.116,6.85,6.977,140162.7,6.037389694492445,,0
2021-12-22 00:00:00,6.977,7.39,6.925,7.29,353026.4,6.058093997062818,,0
2021-12-22 01:00:00,7.299,7.88,7.296,7.8,968691.7,6.0868858318221095,,0
2021-12-22 02:00:00,7.793,8.15,7.719,7.916,627497.8,6.117119123858108,,0
2021-12-22 03:00:00,7.916,8.15,7.806,7.808,157458.4,6.145067568091859,,0
2021-12-22 04:00:00,7.818,7.98,7.77,7.979,144422.7,6.175380500850672,,0
2021-12-22 05:00:00,7.979,8.67,7.876,8.643,1173530.3,6.2161676000101656,,0
2021-12-22 06:00:00,8.64,8.797,8.4,8.589,585326.4,6.255387970257932,,0
2021-12-22 07:00:00,8.588,8.627,8.275,8.356,297591.9,6.2901088302536685,,0
2021-12-22 08:00:00,8.353,8.38,8.1,8.218,278201.5,6.321974800001542,,0
2021-12-22 09:00:00,8.205,8.31,7.992,8.133,273347.9,6.351909100827964,,0
2021-12-22 10:00:00,8.125,8.55,8.1,8.247,332422.1,6.3832329173432045,,0
2021-12-22 11:00:00,8.247,8.463,8.146,8.46,153038.0,6.417559645982161,,0
2021-12-22 12:00:00,8.459,8.48,7.817,8.021,477281.6,6.4440627923295635,,0
2021-12-22 13:00:00,8.048,8.201,7.942,8.117,140017.0,6.471714647001802,,0
2021-12-22 14:00:00,8.114,8.349,8.066,8.228,228393.9,6.5007441569687145,,0
2021-12-22 15:00:00,8.223,8.32,8.026,8.135,125763.3,6.527756650241959,,0
2021-12-22 16:00:00,8.135,8.89,8.094,8.88,629552.2,6.56663670560986,,0
2021-12-22 17:00:00,8.886,9.3,8.697,8.941,1338580.11,6.605882379897301,,0
2021-12-22 18:00:00,8.95,9.095,8.75,8.787,475723.8,6.64193391080809,,0
2021-12-22 19:00:00,8.796,8.969,8.675,8.888,337699.5,6.6790589701335765,,0
2021-12-22 20:00:00,8.874,8.957,8.629,8.715,212280.8,6.712710887982609,,0
2021-12-22 21:00:00,8.714,8.869,8.572,8.682,135513.2,6.7452611212390945,,0
2021-12-22 22:00:00,8.693,9.3,8.683,8.968,612873.0,6.782000606838448,,0
2021-12-22 23:00:00,8.962,9.151,8.598,8.653,345425.3,6.812926216642772,,0
2021-12-23 00:00:00,8.652,8.918,8.398,8.524,380301.9,6.841208427937934,,0
2021-12-23 01:00:00,8.524,8.842,8.46,8.67,200740.3,6.871436387806728,,0
2021-12-23 02:00:00,8.67,8.678,8.268,8.375,281451.9,6.896288678917361,,0
2021-12-23 03:00:00,8.369,8.415,8.08,8.224,250347.4,6.918234320588149,,0
2021-12-23 04:00:00,8.234,8.25,8.01,8.046,102003.7,6.93687507561975,,0
2021-12-23 05:00:00,8.05,8.291,8.001,8.211,138920.1,6.957934991725209,,0
2021-12-23 06:00:00,8.21,8.397,8.051,8.089,287059.9,6.976630281118181,,0
2021-12-23 07:00:00,8.088,8.194,7.796,8.024,259921.0,6.993942177298046,,0
2021-12-23 08:00:00,8.024,8.078,7.843,7.863,121067.4,7.008306769408823,,0
2021-12-23 09:00:00,7.868,8.265,7.773,8.188,248938.5,7.027805831071488,,0
2021-12-23 10:00:00,8.188,8.222,7.896,8.02,157721.1,7.044205734690141,,0
2021-12-23 11:00:00,8.029,8.048,7.82,7.893,85116.1,7.05823539196799,,0
2021-12-23 12:00:00,7.891,8.158,7.89,8.107,132091.7,7.075570344166867,,0
2021-12-23 13:00:00,8.109,8.7,8.05,8.448,402764.5,7.09825513186659,,0
2021-12-23 14:00:00,8.444,10.0,8.321,9.73,1128850.7,7.141755047042349,,0
2021-12-23 15:00:00,9.713,10.3,9.45,10.173,1778890.86,7.191858269405286,,0
2021-12-23 16:00:00,10.175,10.77,9.825,10.189,1629642.23,7.241397802142389,,0
2021-12-23 17:00:00,10.198,10.31,9.739,9.91,502617.9,7.285506929379705,,0
2021-12-23 18:00:00,9.917,10.352,9.906,10.067,258839.0,7.331482021456074,,0
2021-12-23 19:00:00,10.07,10.077,9.733,9.752,157658.9,7.3714905830849,,0
2021-12-23 20:00:00,9.77,10.073,9.755,9.868,123535.4,7.412755201546307,,0
2021-12-23 21:00:00,9.871,9.929,9.657,9.756,121887.8,7.451486520529014,,0
2021-12-23 22:00:00,9.755,10.121,9.644,9.692,167280.7,7.488519801181427,,0
2021-12-23 23:00:00,9.687,9.99,9.5,9.9,194664.7,7.528378978021404,,0
2021-12-24 00:00:00,9.921,10.308,9.593,10.269,389178.7,7.573678499045845,,0
2021-12-24 01:00:00,10.28,10.85,10.188,10.689,783991.0,7.625171416416989,,0
2021-12-24 02:00:00,10.689,11.483,10.5,10.647,1191495.38,7.675118996310923,,0
2021-12-24 03:00:00,10.636,11.1,10.568,10.793,651386.4,7.726654219512396,,0
2021-12-24 04:00:00,10.78,10.8,10.34,10.512,292913.9,7.772692992743596,,0
2021-12-24 05:00:00,10.535,10.716,10.223,10.638,170322.0,7.820053439144528,,0
2021-12-24 06:00:00,10.618,10.931,10.394,10.572,247701.8,7.8655401591586696,,0
2021-12-24 07:00:00,10.571,10.611,10.256,10.38,249370.4,7.907101478841998,,0
2021-12-24 08:00:00,10.378,10.525,10.249,10.359,142301.8,7.947628727125601,,0
2021-12-24 09:00:00,10.354,10.857,10.248,10.841,283430.9,7.995453045685509,,0
2021-12-24 10:00:00,10.831,11.596,10.65,11.479,962868.49,8.053032334186575,,0
2021-12-24 11:00:00,11.479,11.98,11.172,11.396,999244.89,8.108287998084318,,0
2021-12-24 12:00:00,11.409,11.497,10.934,11.139,471800.3,8.158382411339122,,0
2021-12-24 13:00:00,11.138,11.8,11.002,11.331,454600.6,8.210822371482278,,0
2021-12-24 14:00:00,11.324,11.4,10.868,10.882,327064.0,8.254974067821415,,0
2021-12-24 15:00:00,10.882,11.5,10.766,11.308,422697.3,8.305437306369821,,0
2021-12-24 16:00:00,11.308,11.52,11.0,11.367,340531.8,8.356041648413296,,0
2021-12-24 17:00:00,11.374,11.391,11.06,11.261,126592.4,8.40405748893539,,0
2021-12-24 18:00:00,11.268,11.519,11.012,11.117,396235.8,8.448899513911666,,0
2021-12-24 19:00:00,11.114,11.399,10.806,10.812,144270.5,8.487959026078416,,0
2021-12-24 20:00:00,10.809,11.064,10.742,10.781,112260.8,8.5258605297796,,0
2021-12-24 21:00:00,10.774,10.971,10.6,10.677,159002.2,8.561416554080765,,0
2021-12-24 22:00:00,10.669,10.959,10.6,10.763,106012.6,8.597806363104224,,0
2021-12-24 23:00:00,10.763,10.985,10.6,10.726,192783.2,8.632983117433081,,0
2021-12-25 00:00:00,10.731,10.76,10.388,10.653,200824.3,8.66637182623584,,0
2021-12-25 01:00:00,10.659,11.307,10.487,10.819,294058.6,8.701952457207149,,0
2021-12-25 02:00:00,10.827,10.97,10.48,10.495,153087.6,8.7315896066748,,0
2021-12-25 03:00:00,10.494,10.621,10.23,10.325,159068.5,8.757926968547945,,0
2021-12-25 04:00:00,10.316,10.563,10.25,10.543,106276.1,8.78743230791079,,0
2021-12-25 05:00:00,10.543,10.63,10.33,10.567,106817.5,8.816846649928793,,0
2021-12-25 06:00:00,10.565,10.586,10.3,10.527,186385.6,8.845113647450631,,0
2021-12-25 07:00:00,10.515,11.009,10.413,10.741,263060.2,8.87645061195558,,0
2021-12-25 08:00:00,10.735,10.879,10.397,10.463,215416.1,8.90267456878276,,0
2021-12-25 09:00:00,10.472,10.612,10.354,10.354,108745.5,8.926663418885527,,0
2021-12-25 10:00:00,10.366,10.411,9.969,10.086,321322.4,8.945826007003122,,0
2021-12-25 11:00:00,10.1,10.219,10.014,10.031,128658.4,8.963762767217947,,0
2021-12-25 12:00:00,10.035,10.241,10.0,10.105,144884.2,8.98262619255319,,0
2021-12-25 13:00:00,10.107,10.149,9.725,9.962,354056.2,8.998814189370492,,0
2021-12-25 14:00:00,9.967,10.023,9.74,9.767,210102.9,9.0115114754966,,0
2021-12-25 15:00:00,9.772,9.952,9.749,9.928,89894.5,9.02666004614955,,0
2021-12-25 16:00:00,9.927,9.962,9.664,9.816,179893.5,9.039706987535506,,0
2021-12-25 17:00:00,9.817,9.906,9.645,9.868,95218.9,9.053397781129963,,0
2021-12-25 18:00:00,9.859,9.953,9.784,9.863,122770.8,9.06677963598732,,0
2021-12-25 19:00:00,9.865,9.963,9.818,9.871,71886.6,9.080072534566042,,0
2021-12-25 20:00:00,9.88,9.977,9.735,9.948,92658.1,9.094418443085614,,0
2021-12-25 21:00:00,9.937,10.04,9.892,10.022,109965.6,9.109750369646182,,0
2021-12-25 22:00:00,10.01,10.041,9.8,9.85,81667.9,9.121985900726411,,0
2021-12-25 23:00:00,9.847,9.986,9.745,9.95,76293.2,9.13567208418548,,0
2021-12-26 00:00:00,9.95,10.54,9.8,10.414,369123.3,9.156801471223737,,0
2021-12-26 01:00:00,10.388,10.398,9.991,10.0,155662.7,9.170738636988634,,0
2021-12-26 02:00:00,10.0,10.04,9.438,9.534,373852.5,9.17674295703841,,0
2021-12-26 03:00:00,9.527,9.539,9.263,9.287,201121.5,9.178565387500585,,0
2021-12-26 04:00:00,9.295,9.435,9.256,9.421,68088.4,9.182572571178262,,0
2021-12-26 05:00:00,9.419,9.474,9.249,9.426,84984.7,9.186596165043085,,0
2021-12-26 06:00:00,9.425,9.517,9.385,9.42,93958.7,9.190454079670472,,0
2021-12-26 07:00:00,9.421,9.469,9.334,9.419,73298.0,9.194231698188316,,0
2021-12-26 08:00:00,9.431,9.592,9.405,9.47,83995.2,9.19878985193727,,0
2021-12-26 09:00:00,9.47,9.508,9.344,9.475,68575.6,9.203355308930044,,0
2021-12-26 10:00:00,9.476,9.476,9.476,9.476,20.2,9.207861832749384,,0
2021-12-26 11:00:00,9.55,9.64,9.333,9.427,122519.2,9.211483951216337,,0
2021-12-26 12:00:00,9.417,9.565,9.374,9.52,63597.6,9.216583390039208,,0
2021-12-26 13:00:00,9.52,9.52,9.52,9.52,17.7,9.221598540617071,,0
2021-12-26 14:00:00,9.403,9.7,9.403,9.607,97764.5,9.227968812672987,,0
2021-12-26 15:00:00,9.607,9.809,9.533,9.65,121647.1,9.234944534777567,,0
2021-12-26 16:00:00,9.633,10.45,9.63,10.132,573291.8,9.249771897839095,,0
2021-12-26 17:00:00,10.112,10.2,9.927,10.051,84788.9,9.263015337544234,,0
2021-12-26 18:00:00,10.051,10.139,9.903,10.058,51943.9,9.276155579898875,,0
2021-12-26 19:00:00,10.057,10.066,9.911,9.955,23609.4,9.287376148826166,,0
2021-12-26 20:00:00,9.951,9.999,9.784,9.919,50549.1,9.297816212481932,,0
2021-12-26 21:00:00,9.92,9.95,9.695,9.834,48673.8,9.30667875442438,,0
2021-12-26 22:00:00,9.811,9.849,9.728,9.775,25614.8,9.314419601458688,,0
2021-12-26 23:00:00,9.775,9.843,9.636,9.838,41529.9,9.323073822922181,,0
2021-12-27 00:00:00,9.838,9.9,9.622,9.647,70130.8,9.328427974609419,,0
2021-12-27 01:00:00,9.664,9.664,9.381,9.493,165328.0,9.331148173376205,,0
2021-12-27 02:00:00,9.492,9.647,9.419,9.592,88239.2,9.335459773816268,,0
2021-12-27 03:00:00,9.593,9.787,9.586,9.722,59465.9,9.341848868463934,,0
2021-12-27 04:00:00,9.711,10.5,9.691,10.201,523281.8,9.356049713613292,,0
2021-12-27 05:00:00,10.21,10.341,10.033,10.288,157037.3,9.37145385057836,,0
2021-12-27 06:00:00,10.278,10.482,10.143,10.395,122396.3,9.388371968750619,,0
2021-12-27 07:00:00,10.389,10.392,10.112,10.226,123031.8,9.402217060176229,,0
2021-12-27 08:00:00,10.226,10.656,10.217,10.299,364973.1,9.417039918685713,,0
2021-12-27 09:00:00,10.298,10.449,10.083,10.162,172111.2,9.429353308459504,,0
2021-12-27 10:00:00,10.162,10.258,9.9,9.999,142709.3,9.438768956253563,,0
2021-12-27 11:00:00,10.001,10.368,9.949,10.101,133925.0,9.449714923918794,,0
2021-12-27 12:00:00,10.101,10.22,9.87,10.077,190005.0,9.460083272283773,,0
2021-12-27 13:00:00,10.073,10.093,9.9,10.036,101192.0,9.469602557039414,,0
2021-12-27 14:00:00,10.046,10.158,9.885,9.946,142371.4,9.477476894939588,,0
2021-12-27 15:00:00,9.945,10.02,9.783,10.015,155258.1,9.486361574362075,,0
2021-12-27 16:00:00,10.016,10.074,9.8,9.886,101217.3,9.492967168174273,,0
2021-12-27 17:00:00,9.898,9.961,9.684,9.917,157271.2,9.499975975311889,,0
2021-12-27 18:00:00,9.908,10.012,9.67,9.7,173328.0,9.50328215753814,,0
2021-12-27 19:00:00,9.698,9.735,9.611,9.669,58237.3,9.506021295430072,,0
2021-12-27 20:00:00,9.664,9.75,9.601,9.611,57088.3,9.507756480629574,,0
2021-12-27 21:00:00,9.611,9.684,9.51,9.514,49280.3,9.507859679296855,,0
2021-12-27 22:00:00,9.515,9.588,9.4,9.499,85084.2,9.507713238316743,,0
2021-12-27 23:00:00,9.497,9.519,9.303,9.35,76794.9,9.505106407931343,,0
2021-12-28 00:00:00,9.349,9.363,8.946,9.26,313637.8,9.501055062345701,,0
2021-12-28 01:00:00,9.257,9.584,9.212,9.456,271000.9,9.500310350571393,,0
2021-12-28 02:00:00,9.45,9.596,9.266,9.404,194000.0,9.498718443950379,,0
2021-12-28 03:00:00,9.407,9.78,9.101,9.752,250505.7,9.5029049159512,,0
2021-12-28 04:00:00,9.752,10.5,9.63,10.32,1209848.9,9.516410619819776,,0
2021-12-28 05:00:00,10.316,10.5,10.071,10.306,336593.3,9.529461683954988,,0
2021-12-28 06:00:00,10.306,10.398,10.1,10.166,188401.1,9.539982978435072,,0
2021-12-28 07:00:00,10.166,10.96,10.151,10.693,1112392.1,9.559041111022921,,0
2021-12-28 08:00:00,10.689,11.069,10.541,10.954,593278.7,9.582098282741551,,0
2021-12-28 09:00:00,10.961,11.466,10.868,11.394,849847.4,9.612047071456567,,0
2021-12-28 10:00:00,11.39,11.407,10.96,11.335,405478.5,9.640525632258939,,0
2021-12-28 11:00:00,11.344,11.45,11.0,11.31,339317.4,9.668120249907552,,0
2021-12-28 12:00:00,11.314,11.4,11.15,11.332,241267.9,9.69562239453718,,0
2021-12-28 13:00:00,11.332,11.657,11.157,11.297,427795.7,9.722091445867145,,0
2021-12-28 14:00:00,11.297,11.542,11.135,11.501,381203.9,9.751494893042896,,0
2021-12-28 15:00:00,11.501,13.2,11.451,13.004,2607831.26,9.805255308033923,,0
2021-12-28 16:00:00,13.004,13.89,12.1,13.159,2326469.52,9.860689104595345,,0
2021-12-28 17:00:00,13.155,13.518,12.8,13.053,907215.5,9.913454573940877,,0
2021-12-28 18:00:00,13.063,13.39,12.852,12.967,503786.8,9.963926399164995,,0
2021-12-28 19:00:00,12.961,13.039,12.367,12.458,455103.9,10.00515075620359,,0
2021-12-28 20:00:00,12.464,13.273,12.415,12.82,586525.6,10.05167718998535,,0
2021-12-28 21:00:00,12.809,12.97,12.557,12.58,265591.9,10.093467649655015,,0
2021-12-28 22:00:00,12.586,12.689,12.203,12.428,295823.0,10.132054961230967,,0
2021-12-28 23:00:00,12.417,12.493,12.1,12.238,296081.7,10.166863970136239,,0
2021-12-29 00:00:00,12.219,13.307,12.18,13.223,804625.3,10.217378615257955,,0
2021-12-29 01:00:00,13.219,13.687,13.033,13.249,896014.9,10.267488059633855,,0
2021-12-29 02:00:00,13.249,13.333,12.811,12.891,420527.4,10.310851893358917,,0
2021-12-29 03:00:00,12.907,12.992,12.273,12.299,414481.5,10.343713845534804,,0
2021-12-29 04:00:00,12.296,12.454,12.17,12.37,321620.3,10.37720617866646,,0
2021-12-29 05:00:00,12.37,12.384,11.598,11.688,793161.1,10.398872192242223,,0
2021-12-29 06:00:00,11.687,11.9,11.536,11.687,372799.4,10.420163560965493,,0
2021-12-29 07:00:00,11.687,12.2,11.678,11.918,459698.3,10.444921188056973,,0
2021-12-29 08:00:00,11.924,12.048,11.711,11.903,262681.1,10.469021664287437,,0
2021-12-29 09:00:00,11.895,11.972,11.554,11.876,310568.7,10.492277504547149,,0
2021-12-29 10:00:00,11.868,12.208,11.767,11.961,276352.0,10.516553909430668,,0
2021-12-29 11:00:00,11.954,11.958,11.663,11.725,194216.2,10.53652822497727,,0
2021-12-29 12:00:00,11.735,11.783,11.193,11.356,448658.0,10.550073212994175,,0
2021-12-29 13:00:00,11.352,11.488,10.836,11.462,630525.1,10.56514638302733,,0
2021-12-29 14:00:00,11.467,12.3,11.392,12.24,822809.6,10.592829913886382,,0
2021-12-29 15:00:00,12.232,12.299,11.792,12.028,360715.3,10.616551733491566,,0
2021-12-29 16:00:00,12.028,12.152,11.519,11.675,264944.5,10.634046746161127,,0
2021-12-29 17:00:00,11.68,11.686,11.407,11.484,142552.7,10.648095560274168,,0
2021-12-29 18:00:00,11.483,11.639,11.363,11.531,157326.6,10.66268902208782,,0
2021-12-29 19:00:00,11.525,11.654,11.364,11.59,102076.8,10.678016476268187,,0
2021-12-29 20:00:00,11.606,11.79,11.403,11.403,78073.3,10.689999675007558,,0
2021-12-29 21:00:00,11.412,11.579,11.303,11.411,70250.1,10.701917035751235,,0
2021-12-29 22:00:00,11.396,11.53,11.309,11.388,58008.1,10.713257250036339,,0
2021-12-29 23:00:00,11.413,11.476,10.702,10.846,488124.7,10.71545134507706,,0
2021-12-30 00:00:00,10.856,11.364,10.688,11.209,330243.3,10.723609174084052,,0
2021-12-30 01:00:00,11.212,11.212,10.94,11.138,165599.1,10.73045860922316,,0
2021-12-30 02:00:00,11.136,11.19,10.764,11.023,292633.9,10.735294004112033,,0
2021-12-30 03:00:00,11.03,11.152,10.941,11.003,168552.0,10.739718896606048,,0
2021-12-30 04:00:00,11.005,12.05,11.001,11.936,425364.0,10.759492137984461,,0
2021-12-30 05:00:00,11.918,12.664,11.687,12.272,596241.3,10.78449226793513,,0
2021-12-30 06:00:00,12.273,12.311,12.052,12.182,151534.6,10.807591569291574,,0
2021-12-30 07:00:00,12.17,12.5,12.028,12.489,249235.6,10.835383444179318,,0
2021-12-30 08:00:00,12.496,12.55,11.914,11.961,258722.6,10.853988676506933,,0
2021-12-30 09:00:00,11.969,12.132,11.721,11.921,315418.7,10.871625227308472,,0
2021-12-30 10:00:00,11.927,12.289,11.896,12.126,211048.8,10.892358694625688,,0
2021-12-30 11:00:00,12.126,12.4,11.876,12.204,176835.6,10.914038716202125,,0
2021-12-30 12:00:00,12.207,12.296,11.984,12.138,184772.3,10.934269481223577,,0
2021-12-30 13:00:00,12.136,12.21,11.741,11.77,178118.8,10.94808320880666,,0
2021-12-30 14:00:00,11.76,11.888,11.669,11.845,134249.7,10.962908279735476,,0
2021-12-30 15:00:00,11.844,11.857,11.531,11.567,104375.5,10.972893266847286,,0
2021-12-30 16:00:00,11.567,11.95,11.302,11.747,449133.6,10.98568841946138,,0
2021-12-30 17:00:00,11.749,11.758,11.567,11.568,76081.2,10.995313404263673,,0
2021-12-30 18:00:00,11.581,11.636,11.4,11.444,103603.2,11.002729711631217,,0
2021-12-30 19:00:00,11.444,11.708,11.39,11.519,74409.5,11.011263104827394,,0
2021-12-30 20:00:00,11.517,11.622,11.252,11.425,75511.6,11.018101731193884,,0
2021-12-30 21:00:00,11.441,11.533,11.351,11.401,64326.6,11.024430628198944,,0
2021-12-30 22:00:00,11.402,11.451,11.099,11.278,92107.8,11.028621857484913,,0
2021-12-30 23:00:00,11.278,11.378,11.074,11.239,230615.3,11.032099182154584,,0
2021-12-31 00:00:00,11.228,11.598,11.211,11.449,287978.2,11.038990104763599,,0
2021-12-31 01:00:00,11.455,11.734,11.309,11.522,211306.8,11.046973739395607,,0
2021-12-31 02:00:00,11.522,12.101,11.38,11.895,498972.7,11.060990702380805,,0
2021-12-31 03:00:00,11.878,12.25,11.779,11.894,211257.4,11.074759451101784,,0
2021-12-31 04:00:00,11.894,12.03,11.807,11.986,118373.5,11.0898212783563,,0
2021-12-31 05:00:00,11.987,12.027,11.7,11.779,192661.6,11.101212662185123,,0
2021-12-31 06:00:00,11.79,11.955,11.694,11.859,87023.5,11.113738072727518,,0
2021-12-31 07:00:00,11.86,11.888,11.52,11.668,170206.1,11.122899426897312,,0
2021-12-31 08:00:00,11.688,12.052,11.472,12.016,321318.9,11.137661419841159,,0
2021-12-31 09:00:00,12.017,12.351,11.984,12.097,284585.1,11.153518255876843,,0
2021-12-31 10:00:00,12.097,12.231,11.867,12.019,220226.4,11.16782373925078,,0
2021-12-31 11:00:00,12.03,12.255,11.953,12.073,157065.3,11.182785330337545,,0
2021-12-31 12:00:00,12.075,12.536,11.987,12.479,214340.6,11.204210366199735,,0
2021-12-31 13:00:00,12.479,12.91,12.416,12.869,348973.2,11.231727550229492,,0
2021-12-31 14:00:00,12.867,13.187,12.554,13.174,342072.2,11.263831227085202,,0
2021-12-31 15:00:00,13.174,13.575,13.066,13.5,737863.8,11.300792694406109,,0
2021-12-31 16:00:00,13.5,13.623,12.986,13.148,422492.9,11.331325046564688,,0
2021-12-31 17:00:00,13.145,13.44,13.062,13.339,226289.3,11.364509756538826,,0
2021-12-31 18:00:00,13.349,14.13,13.278,13.696,802742.85,11.403046785356368,,0
2021-12-31 19:00:00,13.698,13.89,13.23,13.459,292723.8,11.437029483119073,,0
2021-12-31 20:00:00,13.459,13.65,13.336,13.418,200560.0,11.469772797447684,,0
2021-12-31 21:00:00,13.426,13.737,13.147,13.575,211888.0,11.504569941291525,,0
2021-12-31 22:00:00,13.574,13.717,13.409,13.505,164116.9,11.537634900939599,,0
2021-12-31 23:00:00,13.51,13.598,13.262,13.541,120203.7,11.570748373651341,,0
2022-01-01 00:00:00,13.535,14.293,13.491,13.851,623797.45,11.608438483177766,,0
2022-01-01 01:00:00,13.851,13.971,13.514,13.523,185172.9,11.640084128083918,,0
2022-01-01 02:00:00,13.534,13.618,13.247,13.375,228845.1,11.668760423487491,,0
2022-01-01 03:00:00,13.36,13.682,13.254,13.515,120366.1,11.699276780124062,,0
2022-01-01 04:00:00,13.501,13.814,13.321,13.426,161006.9,11.727817659791434,,0
2022-01-01 05:00:00,13.413,13.762,13.295,13.627,147817.6,11.759209103431246,,0
2022-01-01 06:00:00,13.618,13.659,13.237,13.383,174596.9,11.786048622382795,,0
2022-01-01 07:00:00,13.373,13.511,13.277,13.424,90979.0,11.813122198872337,,0
2022-01-01 08:00:00,13.415,13.591,13.259,13.268,137209.4,11.837169765833124,,0
2022-01-01 09:00:00,13.26,13.341,12.758,12.943,444342.3,11.855447951521834,,0
2022-01-01 10:00:00,12.934,13.11,12.725,13.059,258571.5,11.875341373810729,,0
2022-01-01 11:00:00,13.062,13.11,12.837,12.942,144100.6,11.892972094904767,,0
2022-01-01 12:00:00,12.945,13.13,12.89,13.012,135735.1,11.911468423914606,,0
2022-01-01 13:00:00,13.011,13.08,12.862,12.953,105441.4,11.928683821866432,,0
2022-01-01 14:00:00,12.961,13.01,12.835,12.974,92733.0,11.945961775224012,,0
2022-01-01 15:00:00,12.972,13.139,12.924,12.964,90031.3,11.962788853319482,,0
2022-01-01 16:00:00,12.963,13.084,12.659,12.95,184208.8,11.979106392934037,,0
2022-01-01 17:00:00,12.953,13.094,12.894,13.007,113857.5,11.996096369910335,,0
2022-01-01 18:00:00,13.013,13.014,12.85,12.949,63343.8,12.011846843134958,,0
2022-01-01 19:00:00,12.942,13.045,12.851,12.944,68017.6,12.027254333331074,,0
2022-01-01 20:00:00,12.935,12.98,12.717,12.936,64827.4,12.042274922862791,,0
2022-01-01 21:00:00,12.936,13.143,12.927,13.108,60685.9,12.059890213393986,,0
2022-01-01 22:00:00,13.096,13.134,12.932,13.01,48834.5,12.075594507387475,,0
2022-01-01 23:00:00,13.003,13.2,12.914,13.079,107129.0,12.0921797221414,,0
2022-01-02 00:00:00,13.074,13.54,12.907,13.322,213730.2,12.11250733003989,,0
2022-01-02 01:00:00,13.322,13.38,13.003,13.063,107137.0,12.128217952683858,,0
2022-01-02 02:00:00,13.057,13.066,12.363,12.557,466975.1,12.13530525925107,,0
2022-01-02 03:00:00,12.557,12.67,12.423,12.614,116583.6,12.143217569015516,,0
2022-01-02 04:00:00,12.614,12.617,12.42,12.513,85575.0,12.149329675312782,,0
2022-01-02 05:00:00,12.51,12.594,12.4,12.482,52657.4,12.154828358365464,,0
2022-01-02 06:00:00,12.482,12.691,12.449,12.579,116292.2,12.161839459880085,,0
2022-01-02 07:00:00,12.572,12.756,12.534,12.706,53930.3,12.170833848972975,,0
2022-01-02 08:00:00,12.717,13.16,12.667,12.91,313719.4,12.183051471304003,,0
2022-01-02 09:00:00,12.911,13.014,12.803,12.969,53824.3,12.196042356075838,,0
2022-01-02 10:00:00,12.978,12.991,12.602,12.876,131247.6,12.207281325396899,,0
2022-01-02 11:00:00,12.876,12.94,12.739,12.829,59770.2,12.217557667125877,,0
2022-01-02 12:00:00,12.833,12.941,12.771,12.806,66454.6,12.227283986677516,,0
2022-01-02 13:00:00,12.806,12.836,12.643,12.668,57710.6,12.234568548881194,,0
2022-01-02 14:00:00,12.655,12.735,12.493,12.6,100159.0,12.240608738155887,,0
2022-01-02 15:00:00,12.6,13.087,12.529,13.043,152874.2,12.253871403640915,,0
2022-01-02 16:00:00,13.043,13.333,12.975,13.064,291202.3,12.267261958952636,,0
2022-01-02 17:00:00,13.064,13.123,12.832,12.932,81457.6,12.278249364589783,,0
2022-01-02 18:00:00,12.921,12.995,12.738,12.951,80543.7,12.289369209803176,,0
2022-01-02 19:00:00,12.959,12.994,12.794,12.911,45380.8,12.299644098897339,,0
2022-01-02 20:00:00,12.923,12.982,12.839,12.87,26448.9,12.3090714691635,,0
2022-01-02 21:00:00,12.883,13.101,12.871,13.039,29396.3,12.321136403557492,,0
2022-01-02 22:00:00,13.055,13.162,12.947,13.143,35481.5,12.334720925812741,,0
2022-01-02 23:00:00,13.158,13.298,13.008,13.048,72940.6,12.346510662576168,,0
2022-01-03 00:00:00,13.05,13.35,12.969,13.211,137899.0,12.360799742533587,,0
2022-01-03 01:00:00,13.235,13.25,12.782,12.829,82740.8,12.368538589764437,,0
2022-01-03 02:00:00,12.828,12.986,12.64,12.985,124666.3,12.378728034561721,,0
2022-01-03 03:00:00,12.968,13.865,12.932,13.816,613944.8,12.402484595973926,,0
2022-01-03 04:00:00,13.816,13.911,13.393,13.406,259483.8,12.419071627445433,,0
2022-01-03 05:00:00,13.409,13.586,13.276,13.529,182680.9,12.437417550958733,,0
2022-01-03 06:00:00,13.524,13.7,13.414,13.454,94916.0,12.454220566645365,,0
2022-01-03 07:00:00,13.459,13.618,13.348,13.528,81978.2,12.471968987031392,,0
2022-01-03 08:00:00,13.515,13.65,13.2,13.278,205278.9,12.48529181369203,,0
2022-01-03 09:00:00,13.285,13.351,13.097,13.168,103303.3,12.496576246523565,,0
2022-01-03 10:00:00,13.184,13.336,13.098,13.22,97035.9,12.5085336639364,,0
2022-01-03 11:00:00,13.211,13.33,13.111,13.27,78724.1,12.521119884367204,,0
2022-01-03 12:00:00,13.27,13.27,12.411,12.527,513689.1,12.521217076361136,,0
2022-01-03 13:00:00,12.523,12.549,12.295,12.506,390447.4,12.520965554437812,,0
2022-01-03 14:00:00,12.506,12.506,11.992,12.431,456363.2,12.519478520480163,,0
2022-01-03 15:00:00,12.439,12.469,11.927,12.078,563455.6,12.512181354852393,,0
2022-01-03 16:00:00,12.073,12.127,11.726,11.934,324205.6,12.502624638243264,,0
2022-01-03 17:00:00,11.937,12.025,11.856,11.872,105734.4,12.492201090503706,,0
2022-01-03 18:00:00,11.872,11.977,11.858,11.907,81622.9,12.482528345206125,,0
2022-01-03 19:00:00,11.907,11.94,11.753,11.791,56756.5,12.471098124624206,,0
2022-01-03 20:00:00,11.794,11.825,11.6,11.712,181475.1,12.458551048184137,,0
2022-01-03 21:00:00,11.706,11.917,11.693,11.81,174667.9,12.447831196148037,,0
2022-01-03 22:00:00,11.812,12.025,11.711,11.975,184904.3,12.44001580447617,,0
2022-01-03 23:00:00,11.974,12.04,11.943,11.968,50278.8,12.432213890352598,,0
2022-01-04 00:00:00,11.963,12.014,11.685,11.737,93092.6,12.420722751669086,,0
2022-01-04 01:00:00,11.731,11.88,11.6,11.744,85517.6,12.409537251641497,,0
2022-01-04 02:00:00,11.744,11.805,11.607,11.708,73406.7,12.397941594589573,,0
2022-01-04 03:00:00,11.708,11.856,11.63,11.844,61484.6,12.38878553517487,,0
2022-01-04 04:00:00,11.844,11.886,11.7,11.75,82298.9,12.37822709657694,,0
2022-01-04 05:00:00,11.75,11.869,11.73,11.762,45990.8,12.368041524732693,,0
2022-01-04 06:00:00,11.763,12.097,11.74,12.09,102769.9,12.36344579705116,,0
2022-01-04 07:00:00,12.086,12.428,12.08,12.253,276455.8,12.361620246686678,,0
2022-01-04 08:00:00,12.253,12.314,12.08,12.141,148438.3,12.357973631038966,,0
2022-01-04 09:00:00,12.147,12.147,11.935,11.998,87466.8,12.352023653666423,,0
2022-01-04 10:00:00,11.992,12.146,11.869,12.121,78525.5,12.348205080878548,,0
2022-01-04 11:00:00,12.117,12.196,11.924,12.077,96223.3,12.343722352268985,,0
2022-01-04 12:00:00,12.071,12.08,11.7,11.78,148960.5,12.334404627438094,,0
2022-01-04 13:00:00,11.783,11.941,11.703,11.919,93471.9,12.327538435249034,,0
2022-01-04 14:00:00,11.922,12.138,11.792,11.908,270333.2,12.320603915658142,,0
2022-01-04 15:00:00,11.904,11.973,11.752,11.814,111927.1,12.31223029721751,,0
2022-01-04 16:00:00,11.82,12.24,11.762,12.023,176848.3,12.3074496311478,,0
2022-01-04 17:00:00,12.016,12.087,11.802,11.81,76702.0,12.299227323194945,,0
2022-01-04 18:00:00,11.805,11.987,11.24,11.349,231911.9,12.283521086447921,,0
2022-01-04 19:00:00,11.351,11.518,11.251,11.405,119715.4,12.269000076754567,,0
2022-01-04 20:00:00,11.405,11.426,11.266,11.293,71362.4,12.252867844080939,,0
2022-01-04 21:00:00,11.3,11.324,11.108,11.201,82536.4,12.23548159872423,,0
2022-01-04 22:00:00,11.201,11.248,10.989,11.16,167988.3,12.217705043373417,,0
2022-01-04 23:00:00,11.161,11.215,11.008,11.041,75643.3,12.198255373235014,,0
2022-01-05 00:00:00,11.048,11.344,11.009,11.309,149950.3,12.183556937313774,,0
2022-01-05 01:00:00,11.313,11.315,11.162,11.223,56537.3,12.167679963143298,,0
2022-01-05 02:00:00,11.229,11.416,11.229,11.4,87771.2,12.154991038132666,,0
2022-01-05 03:00:00,11.398,11.449,11.287,11.36,62092.9,12.141850690394937,,0
2022-01-05 04:00:00,11.361,11.366,11.2,11.313,68854.3,12.12815067898345,,0
2022-01-05 05:00:00,11.31,11.364,11.129,11.273,81641.0,12.114015957016782,,0
2022-01-05 06:00:00,11.277,11.335,11.258,11.313,45396.6,12.10077602384295,,0
2022-01-05 07:00:00,11.312,11.654,11.308,11.522,199541.5,12.091209477994308,,0
2022-01-05 08:00:00,11.518,11.727,11.381,11.544,177463.6,12.082164693234072,,0
2022-01-05 09:00:00,11.535,11.579,11.416,11.471,84215.3,12.072062797478136,,0
2022-01-05 10:00:00,11.468,11.501,11.29,11.383,80327.9,12.060673329751225,,0
2022-01-05 11:00:00,11.385,11.481,11.19,11.308,100926.8,12.048232448267733,,0
2022-01-05 12:00:00,11.312,11.357,11.052,11.199,80115.3,12.034195548296365,,0
2022-01-05 13:00:00,11.207,11.232,11.097,11.12,79009.0,12.019084878076592,,0
2022-01-05 14:00:00,11.124,11.132,10.858,10.976,188810.2,12.00184380571169,,0
2022-01-05 15:00:00,10.976,11.115,10.945,11.048,155986.8,11.986077792394143,,0
2022-01-05 16:00:00,11.057,11.55,10.992,11.3,254229.4,11.97473766359424,,0
2022-01-05 17:00:00,11.293,11.414,10.95,11.006,103018.1,11.95872547080756,,0
2022-01-05 18:00:00,11.002,11.149,10.769,11.076,145223.9,11.944134967157849,,0
2022-01-05 19:00:00,11.061,11.105,10.279,10.349,328701.4,11.917769099932102,,0
2022-01-05 20:00:00,10.355,10.509,10.102,10.221,284281.8,11.88972332968529,,0
2022-01-05 21:00:00,10.221,10.423,10.02,10.114,166421.0,11.860372530847519,,0
2022-01-05 22:00:00,10.109,10.462,9.4,10.166,412613.4,11.83236637331285,,0
2022-01-05 23:00:00,10.156,10.597,10.13,10.253,251664.2,11.806261144001894,,0
2022-01-06 00:00:00,10.262,10.493,10.136,10.382,229972.3,11.782719637489468,,0
2022-01-06 01:00:00,10.391,10.482,10.03,10.2,140540.8,11.756558982324353,,0
2022-01-06 02:00:00,10.2,10.374,9.987,10.155,205518.6,11.730086933029737,,0
2022-01-06 03:00:00,10.152,10.348,10.023,10.215,188864.6,11.705044173806106,,0
2022-01-06 04:00:00,10.215,11.137,10.157,11.026,451235.0,11.693820303164685,,0
2022-01-06 05:00:00,11.024,11.45,10.843,11.241,419802.1,11.686335670054527,,0
2022-01-06 06:00:00,11.241,11.393,10.8,10.888,275542.1,11.673140039144537,,0
2022-01-06 07:00:00,10.89,11.141,10.832,11.118,265371.2,11.663964170728924,,0
2022-01-06 08:00:00,11.122,11.358,10.97,11.054,358710.1,11.653882118320183,,0
2022-01-06 09:00:00,11.048,11.166,10.662,10.691,349829.1,11.6379667114058,,0
2022-01-06 10:00:00,10.701,11.269,10.686,11.145,316332.0,11.629818501299921,,0
2022-01-06 11:00:00,11.156,11.819,11.017,11.498,572679.6,11.627639683096618,,0
2022-01-06 12:00:00,11.498,11.57,11.219,11.482,361054.8,11.625232415607417,,0
2022-01-06 13:00:00,11.482,11.564,11.079,11.277,365626.0,11.619476507911427,,0
2022-01-06 14:00:00,11.282,11.5,11.104,11.453,340567.1,11.61672483009471,,0
2022-01-06 15:00:00,11.461,11.749,11.24,11.27,388846.2,11.610993841167526,,0
2022-01-06 16:00:00,11.261,11.464,10.573,10.627,630091.8,11.594729480156492,,0
2022-01-06 17:00:00,10.633,10.814,10.506,10.777,178251.0,11.58121329040184,,0
2022-01-06 18:00:00,10.79,11.027,10.785,10.996,152934.9,11.57154034345305,,0
2022-01-06 19:00:00,10.996,11.113,10.897,10.963,97712.4,11.561481825379447,,0
2022-01-06 20:00:00,10.966,11.06,10.852,10.982,91530.6,11.551903613389705,,0
2022-01-06 21:00:00,10.972,11.155,10.932,11.043,64668.9,11.543491983416322,,0
2022-01-06 22:00:00,11.027,11.18,11.0,11.105,51829.2,11.53624418203754,,0
2022-01-06 23:00:00,11.106,11.117,10.805,10.853,84300.3,11.524950889772459,,0
2022-01-07 00:00:00,10.842,11.022,10.511,10.58,263987.5,11.509331866801013,,0
2022-01-07 01:00:00,10.583,10.81,10.53,10.793,155291.2,11.497491670655542,,0
2022-01-07 02:00:00,10.808,10.855,10.525,10.567,136013.2,11.482111643041401,,0
2022-01-07 03:00:00,10.557,10.594,10.0,10.19,377591.6,11.460754425801047,,0
2022-01-07 04:00:00,10.183,10.34,9.617,10.277,416620.6,11.441188236944832,,0
2022-01-07 05:00:00,10.266,10.334,10.072,10.303,174877.9,11.422375208235,,0
2022-01-07 06:00:00,10.308,10.322,9.788,9.941,378981.7,11.397889667603016,,0
2022-01-07 07:00:00,9.946,10.106,9.612,10.021,240961.7,11.375131160700487,,0
2022-01-07 08:00:00,10.01,10.255,9.959,10.135,187356.7,11.354633124986432,,0
2022-01-07 09:00:00,10.126,10.379,10.082,10.223,136414.2,11.33592844523459,,0
2022-01-07 10:00:00,10.223,10.27,10.008,10.043,126756.5,11.31455772713154,,0
2022-01-07 11:00:00,10.048,10.234,10.046,10.082,186496.7,11.294184872137631,,0
2022-01-07 12:00:00,10.093,10.347,10.079,10.191,166251.4,11.275950411441142,,0
2022-01-07 13:00:00,10.193,10.29,9.681,9.881,226828.8,11.252893379847075,,0
2022-01-07 14:00:00,9.881,10.125,9.7,9.895,407731.1,11.230448861171917,,0
2022-01-07 15:00:00,9.899,9.921,9.303,9.57,487932.1,11.203003425450067,,0
2022-01-07 16:00:00,9.57,9.694,9.304,9.681,228507.8,11.17784634403767,,0
2022-01-07 17:00:00,9.671,9.678,9.484,9.607,104099.7,11.151881941656882,,0
2022-01-07 18:00:00,9.607,9.674,9.414,9.459,53635.5,11.123900421960075,,0
2022-01-07 19:00:00,9.459,9.539,9.402,9.479,56324.2,11.096711985233462,,0
2022-01-07 20:00:00,9.482,9.59,9.4,9.511,83646.7,11.070501869775057,,0
2022-01-07 21:00:00,9.51,9.567,9.359,9.405,70495.5,11.042972913249852,,0
2022-01-07 22:00:00,9.405,9.407,9.1,9.216,174081.2,11.012775013857292,,0
2022-01-07 23:00:00,9.211,9.346,9.146,9.307,85106.9,10.984580385529073,,0
2022-01-08 00:00:00,9.31,9.524,9.229,9.481,190938.7,10.959727817173222,,0
2022-01-08 01:00:00,9.483,9.664,9.471,9.496,227807.1,10.935533968955484,,0
2022-01-08 02:00:00,9.496,9.528,9.3,9.462,107864.2,10.91117803558432,,0
2022-01-08 03:00:00,9.469,9.515,9.303,9.474,112421.4,10.887423026731687,,0
2022-01-08 04:00:00,9.474,9.549,9.433,9.535,61998.4,10.865068927116287,,0
2022-01-08 05:00:00,9.535,9.548,9.394,9.466,88545.0,10.84194382088296,,0
2022-01-08 06:00:00,9.463,9.93,9.431,9.58,305846.1,10.821085245331176,,0
2022-01-08 07:00:00,9.583,9.69,9.485,9.539,111416.7,10.799893753672809,,0
2022-01-08 08:00:00,9.534,9.736,9.533,9.61,104266.1,10.780226088322847,,0
2022-01-08 09:00:00,9.616,9.645,9.438,9.598,84824.4,10.760685161243131,,0
2022-01-08 10:00:00,9.596,10.242,9.541,10.076,453877.2,10.74936805113994,,0
2022-01-08 11:00:00,10.073,10.08,9.76,9.862,238901.5,10.734700810625233,,0
2022-01-08 12:00:00,9.872,9.893,9.652,9.722,84677.5,10.717961954251262,,0
2022-01-08 13:00:00,9.722,9.798,9.545,9.59,109882.8,10.69931795500744,,0
2022-01-08 14:00:00,9.591,9.625,9.323,9.332,86606.1,10.676717658230459,,0
2022-01-08 15:00:00,9.327,9.41,8.956,9.003,385239.4,10.649052903548965,,0
2022-01-08 16:00:00,9.003,9.089,8.572,8.584,684665.0,10.61491979770518,,0
2022-01-08 17:00:00,8.583,8.643,8.11,8.168,419827.6,10.574474842371211,,0
2022-01-08 18:00:00,8.162,8.436,7.881,7.919,451711.9,10.530582696216316,,0
2022-01-08 19:00:00,7.929,7.973,7.796,7.86,445110.4,10.48644083346894,,0
2022-01-08 20:00:00,7.857,7.976,7.828,7.872,184768.7,10.443226935395074,,0
2022-01-08 21:00:00,7.875,8.192,7.852,8.1,164163.1,10.404495911669535,,0
2022-01-08 22:00:00,8.099,8.328,8.09,8.178,137330.7,10.367694326352684,,0
2022-01-08 23:00:00,8.176,8.2,8.049,8.077,121547.9,10.329831610214622,,0
2022-01-09 00:00:00,8.074,8.278,7.92,8.249,403099.1,10.295437699301985,,0
2022-01-09 01:00:00,8.262,8.305,8.092,8.207,199024.5,10.260918067908564,,0
2022-01-09 02:00:00,8.201,8.414,8.158,8.365,198018.4,10.229580579182803,,0
2022-01-09 03:00:00,8.371,8.41,8.232,8.253,224470.4,10.19690982580788,,0
2022-01-09 04:00:00,8.253,8.347,7.939,8.072,869372.7,10.161787349348247,,0
2022-01-09 05:00:00,8.065,8.154,7.85,7.954,211845.8,10.125294996466458,,0
2022-01-09 06:00:00,7.954,8.038,7.886,7.998,245065.6,10.090133095698418,,0
2022-01-09 07:00:00,8.0,8.053,7.959,7.98,122638.9,10.055254862711667,,0
2022-01-09 08:00:00,7.98,8.026,7.83,7.899,132750.9,10.0196142864685,,0
2022-01-09 09:00:00,7.9,8.009,7.853,7.964,204434.1,9.985637190824393,,0
2022-01-09 10:00:00,7.966,8.099,7.952,7.997,186189.3,9.95276715461242,,0
2022-01-09 11:00:00,7.998,8.187,7.998,8.157,184541.2,9.92308505288329,,0
2022-01-09 12:00:00,8.159,8.267,8.008,8.102,243120.8,9.892984473496789,,0
2022-01-09 13:00:00,8.1,8.241,8.067,8.156,343420.2,9.864273986331554,,0
2022-01-09 14:00:00,8.156,8.338,8.138,8.164,180581.9,9.836170284078142,,0
2022-01-09 15:00:00,8.16,8.19,7.85,8.028,296920.9,9.806283171944619,,0
2022-01-09 16:00:00,8.024,8.337,8.023,8.333,143243.1,9.781931383978591,,0
2022-01-09 17:00:00,8.329,8.359,8.188,8.266,177608.1,9.756874666888036,,0
2022-01-09 18:00:00,8.279,8.334,8.13,8.145,103227.9,9.73023211041055,,0
2022-01-09 19:00:00,8.15,8.385,8.139,8.301,84205.1,9.706608439164095,,0
2022-01-09 20:00:00,8.304,8.431,8.277,8.336,144839.6,9.683953754219234,,0
2022-01-09 21:00:00,8.342,8.37,8.204,8.252,68077.9,9.660285097124701,,0
2022-01-09 22:00:00,8.251,8.273,8.06,8.106,56444.1,9.63459443436231,,0
2022-01-09 23:00:00,8.107,8.214,8.052,8.214,48827.9,9.611113534620783,,0
2022-01-10 00:00:00,8.214,8.222,7.955,7.971,96333.0,9.58400421999895,,0
2022-01-10 01:00:00,7.977,8.04,7.9,7.964,95442.2,9.557227290742771,,0
2022-01-10 02:00:00,7.96,8.066,7.863,8.007,89780.9,9.531603699160247,,0
2022-01-10 03:00:00,8.008,8.062,7.94,8.009,58642.5,9.506436695868342,,0
2022-01-10 04:00:00,8.019,8.188,7.959,8.151,79786.5,9.48403278353994,,0
2022-01-10 05:00:00,8.157,8.171,8.048,8.098,51997.5,9.461123150754156,,0
2022-01-10 06:00:00,8.099,8.135,8.044,8.058,33015.4,9.437931032559874,,0
2022-01-10 07:00:00,8.058,8.114,8.022,8.09,73953.3,9.415651180782024,,0
2022-01-10 08:00:00,8.088,8.136,7.89,7.917,122864.7,9.390880086884803,,0
2022-01-10 09:00:00,7.921,7.967,7.832,7.847,99303.6,9.36536140776274,,0
2022-01-10 10:00:00,7.85,7.908,7.806,7.88,97663.3,9.340809979535255,,0
2022-01-10 11:00:00,7.88,7.887,7.446,7.49,448124.6,9.310218079047068,,0
2022-01-10 12:00:00,7.495,7.534,7.25,7.31,291379.9,9.27715662319505,,0
2022-01-10 13:00:00,7.31,7.4,7.255,7.306,194385.8,9.244575521985217,,0
2022-01-10 14:00:00,7.306,7.5,6.93,7.316,850259.9,9.21269824063009,,0
2022-01-10 15:00:00,7.316,7.439,7.203,7.329,237162.3,9.181562732520502,,0
2022-01-10 16:00:00,7.34,7.713,7.312,7.678,234349.0,9.156710455949916,,0
2022-01-10 17:00:00,7.674,7.722,7.228,7.297,195052.0,9.125971440149092,,0
2022-01-10 18:00:00,7.297,7.4,7.258,7.365,88230.3,9.096864474196215,,0
2022-01-10 19:00:00,7.362,7.43,7.273,7.301,64252.6,9.067180763878923,,0
2022-01-10 20:00:00,7.305,7.519,7.258,7.498,75553.2,9.041243891748694,,0
2022-01-10 21:00:00,7.497,7.554,7.348,7.366,50884.6,9.013553910066898,,0
2022-01-10 22:00:00,7.376,7.497,7.291,7.297,52733.7,8.985181118164967,,0
2022-01-10 23:00:00,7.297,7.457,7.253,7.445,123699.1,8.959723579021745,,0
2022-01-11 00:00:00,7.44,7.65,7.38,7.389,136367.0,8.933761205814774,,0
2022-01-11 01:00:00,7.389,7.626,7.352,7.588,100871.0,8.911517218941803,,0
2022-01-11 02:00:00,7.587,7.953,7.552,7.824,209933.9,8.893541727719624,,0
2022-01-11 03:00:00,7.826,7.855,7.72,7.751,150956.6,8.874656740484589,,0
2022-01-11 04:00:00,7.75,7.886,7.715,7.765,122949.1,8.856315306757573,,0
2022-01-11 05:00:00,7.762,7.768,7.639,7.726,85772.8,8.837632409125217,,0
2022-01-11 06:00:00,7.727,7.918,7.727,7.88,120291.9,8.821803774263643,,0
2022-01-11 07:00:00,7.884,7.904,7.643,7.745,72540.5,8.804005364771683,,0
2022-01-11 08:00:00,7.745,7.89,7.633,7.67,128060.9,8.785261474444878,,0
2022-01-11 09:00:00,7.669,7.696,7.454,7.489,167351.5,8.763835664949921,,0
2022-01-11 10:00:00,7.489,7.543,7.283,7.302,155979.0,8.739673091975543,,0
2022-01-11 11:00:00,7.296,7.417,7.271,7.314,85461.7,8.716108247480081,,0
2022-01-11 12:00:00,7.313,7.551,7.201,7.427,253501.6,8.694800673141566,,0
2022-01-11 13:00:00,7.426,7.528,7.336,7.415,105390.6,8.673646943006995,,0
2022-01-11 14:00:00,7.415,7.467,7.236,7.375,131919.7,8.652181704279606,,0
2022-01-11 15:00:00,7.377,7.609,7.367,7.515,167934.3,8.633385312473331,,0
2022-01-11 16:00:00,7.507,8.439,7.47,8.245,1115466.5,8.626965720531624,,0
2022-01-11 17:00:00,8.243,8.4,8.087,8.269,344418.2,8.621048931762507,,0
2022-01-11 18:00:00,8.272,8.299,8.103,8.162,145868.3,8.61346134611354,,0
2022-01-11 19:00:00,8.163,8.2,8.023,8.138,92293.0,8.605602480888523,,0
2022-01-11 20:00:00,8.14,8.228,8.112,8.17,73158.4,8.598402439882102,,0
2022-01-11 21:00:00,8.171,8.239,8.073,8.203,55148.7,8.591866862363391,,0
2022-01-11 22:00:00,8.207,8.27,8.119,8.22,49690.3,8.585720302654906,,0
2022-01-11 23:00:00,8.219,8.392,8.147,8.3,131742.8,8.580997653024246,,0
2022-01-12 00:00:00,8.297,8.379,8.133,8.255,108617.5,8.575609262065168,,0
2022-01-12 01:00:00,8.252,8.3,8.162,8.203,80833.4,8.569450431287231,,0
2022-01-12 02:00:00,8.204,8.386,8.186,8.264,94673.2,8.564401663827939,,0
2022-01-12 03:00:00,8.272,8.418,8.161,8.371,86416.4,8.561204942111774,,0
2022-01-12 04:00:00,8.378,8.488,8.212,8.321,130377.2,8.557234612490092,,0
2022-01-12 05:00:00,8.315,8.48,8.26,8.386,106789.7,8.554404288316702,,0
2022-01-12 06:00:00,8.401,8.413,8.201,8.294,159760.1,8.550100085204031,,0
2022-01-12 07:00:00,8.294,8.439,8.076,8.169,167529.3,8.543800910241982,,0
2022-01-12 08:00:00,8.165,8.305,8.156,8.197,88343.5,8.538068663791702,,0
2022-01-12 09:00:00,8.199,8.426,8.192,8.377,122648.3,8.535406371828202,,0
2022-01-12 10:00:00,8.378,8.9,8.367,8.683,530810.1,8.537845935930216,,0
2022-01-12 11:00:00,8.682,8.759,8.579,8.604,158391.1,8.538939391534676,,0
2022-01-12 12:00:00,8.602,8.937,8.497,8.912,327637.8,8.54510568258369,,0
2022-01-12 13:00:00,8.906,9.099,8.829,9.021,436869.1,8.552971704359166,,0
2022-01-12 14:00:00,9.021,9.068,8.911,9.034,211082.9,8.560922585278849,,0
2022-01-12 15:00:00,9.03,9.142,8.942,8.956,274741.5,8.567452790480852,,0
2022-01-12 16:00:00,8.958,9.133,8.764,9.084,275218.4,8.575990760886128,,0
2022-01-12 17:00:00,9.087,9.091,8.976,9.001,74184.5,8.583015706987183,,0
2022-01-12 18:00:00,9.002,9.005,8.865,8.922,62512.1,8.588618753152685,,0
2022-01-12 19:00:00,8.922,9.07,8.832,9.029,95015.3,8.595897782026194,,0
2022-01-12 20:00:00,9.029,9.198,8.96,9.148,110983.2,8.605023438521629,,0
2022-01-12 21:00:00,9.15,9.285,9.105,9.14,102773.2,8.61386602631466,,0
2022-01-12 22:00:00,9.14,9.411,9.133,9.402,93444.5,8.626893034144171,,0
2022-01-12 23:00:00,9.402,9.695,9.343,9.439,281643.5,8.640316289778152,,0
2022-01-13 00:00:00,9.45,9.54,9.028,9.062,353404.6,8.647286268459506,,0
2022-01-13 01:00:00,9.06,9.239,8.827,8.954,243439.4,8.652355916914722,,0
2022-01-13 02:00:00,8.956,9.086,8.907,8.985,96447.1,8.657854166221918,,0
2022-01-13 03:00:00,8.981,9.307,8.856,9.261,160502.9,8.667823518846351,,0
2022-01-13 04:00:00,9.261,9.395,9.22,9.264,105841.1,8.677677675559634,,0
2022-01-13 05:00:00,9.266,9.269,9.087,9.161,84426.5,8.685666474310715,,0
2022-01-13 06:00:00,9.159,9.46,9.144,9.36,157622.4,8.696812482999794,,0
2022-01-13 07:00:00,9.341,9.348,9.169,9.201,91332.9,8.70514616096674,,0
2022-01-13 08:00:00,9.202,9.454,9.177,9.361,130353.5,8.715986720289605,,0
2022-01-13 09:00:00,9.365,9.485,9.285,9.382,81602.0,8.72699520425176,,0
2022-01-13 10:00:00,9.397,9.453,9.3,9.331,116571.0,8.736978754594706,,0
2022-01-13 11:00:00,9.33,9.357,8.982,9.007,167239.3,8.741441915675786,,0
2022-01-13 12:00:00,9.006,9.135,8.892,8.937,217629.1,8.744674280705938,,0
2022-01-13 13:00:00,8.936,8.95,8.771,8.893,166201.9,8.747125945487658,,0
2022-01-13 14:00:00,8.889,9.139,8.775,9.061,228256.9,8.75231394638869,,0
2022-01-13 15:00:00,9.065,9.12,8.46,8.647,536656.4,8.750573220002101,,0
2022-01-13 16:00:00,8.647,8.95,8.626,8.686,378861.5,8.749505894051653,,0
2022-01-13 17:00:00,8.687,8.756,8.508,8.587,192956.1,8.74681984621609,,0
2022-01-13 18:00:00,8.585,8.658,8.5,8.516,78721.2,8.743004642146403,,0
2022-01-13 19:00:00,8.516,8.62,8.368,8.472,121823.8,8.738525226573735,,0
2022-01-13 20:00:00,8.475,8.577,8.351,8.577,100414.4,8.73585538811797,,0
2022-01-13 21:00:00,8.578,8.616,8.522,8.549,51741.6,8.732766869306104,,0
2022-01-13 22:00:00,8.549,8.56,8.38,8.417,71933.6,8.727547582210136,,0
2022-01-13 23:00:00,8.422,8.569,8.416,8.486,48198.9,8.723555060190133,,0
2022-01-14 00:00:00,8.491,8.866,8.392,8.811,196157.0,8.725000431096081,,0
2022-01-14 01:00:00,8.818,8.878,8.689,8.847,84241.9,8.727016952896147,,0
2022-01-14 02:00:00,8.847,8.854,8.522,8.682,162431.4,8.726272871030094,,0
2022-01-14 03:00:00,8.674,8.84,8.651,8.667,113543.7,8.725293154153563,,0
2022-01-14 04:00:00,8.667,8.713,8.596,8.601,88948.0,8.723238721853505,,0
2022-01-14 05:00:00,8.604,8.669,8.533,8.66,53924.6,8.722193453723696,,0
2022-01-14 06:00:00,8.651,8.729,8.627,8.636,72472.9,8.72076876853818,,0
2022-01-14 07:00:00,8.636,8.76,8.455,8.549,99280.6,8.717929615339202,,0
2022-01-14 08:00:00,8.551,8.571,8.3,8.432,185320.0,8.713203505994754,,0
2022-01-14 09:00:00,8.438,8.497,8.408,8.44,71527.2,8.708687745565088,,0
2022-01-14 10:00:00,8.445,8.466,8.176,8.199,236466.3,8.700263154729303,,0
2022-01-14 11:00:00,8.196,8.256,8.123,8.234,164999.7,8.692556325725512,,0
2022-01-14 12:00:00,8.227,8.35,8.122,8.295,106633.6,8.6859851467879,,0
2022-01-14 13:00:00,8.294,8.362,8.165,8.212,116506.0,8.678150681551736,,0
2022-01-14 14:00:00,8.209,8.454,8.19,8.391,113140.3,8.673404389294683,,0
2022-01-14 15:00:00,8.391,8.511,8.312,8.414,107433.2,8.669116713438573,,0
2022-01-14 16:00:00,8.416,8.472,8.266,8.433,116719.5,8.665213957844546,,0
2022-01-14 17:00:00,8.431,8.47,8.351,8.389,56625.5,8.660648437880175,,0
2022-01-14 18:00:00,8.382,8.438,8.312,8.402,48807.8,8.656373257088768,,0
2022-01-14 19:00:00,8.406,8.491,8.373,8.435,62295.9,8.652714194988128,,0
2022-01-14 20:00:00,8.441,8.474,8.33,8.354,61764.2,8.64777677027758,,0
2022-01-14 21:00:00,8.354,8.451,8.341,8.43,36967.9,8.644177154239935,,0
2022-01-14 22:00:00,8.439,8.627,8.384,8.427,164528.6,8.640587449211177,,0
2022-01-14 23:00:00,8.425,8.496,8.34,8.417,49552.8,8.636891788893637,,0
2022-01-15 00:00:00,8.42,8.543,8.362,8.511,71488.6,8.634810932878866,,0
2022-01-15 01:00:00,8.509,8.534,8.373,8.411,58422.9,8.631111578616405,,0
2022-01-15 02:00:00,8.41,8.552,8.406,8.445,74356.2,8.628035354176465,,0
2022-01-15 03:00:00,8.448,8.664,8.373,8.583,117161.6,8.62729096815702,,0
2022-01-15 04:00:00,8.575,8.636,8.509,8.607,79461.2,8.626955580253599,,0
2022-01-15 05:00:00,8.612,8.664,8.523,8.56,70887.0,8.625848876447755,,0
2022-01-15 06:00:00,8.563,8.595,8.505,8.57,42417.9,8.624925754523,,0
2022-01-15 07:00:00,8.578,8.578,8.441,8.474,76270.5,8.622431113952372,,0
2022-01-15 08:00:00,8.466,8.498,8.39,8.408,40285.6,8.618886798019275,,0
2022-01-15 09:00:00,8.408,8.427,8.317,8.395,71370.5,8.615186189787552,,0
2022-01-15 10:00:00,8.396,8.435,8.36,8.403,65710.2,8.611678980038999,,0
2022-01-15 11:00:00,8.405,8.42,8.245,8.295,132253.4,8.606444616732569,,0
2022-01-15 12:00:00,8.304,8.381,8.177,8.284,125713.5,8.60111495364608,,0
2022-01-15 13:00:00,8.28,8.315,8.235,8.286,56158.4,8.595906442015567,,0
2022-01-15 14:00:00,8.286,8.381,8.228,8.352,46191.8,8.591874930577292,,0
2022-01-15 15:00:00,8.352,8.417,8.318,8.393,44354.3,8.588587741642131,,0
2022-01-15 16:00:00,8.4,8.412,8.251,8.319,72246.3,8.58413174591251,,0
2022-01-15 17:00:00,8.324,8.387,8.322,8.344,29170.9,8.580162626145361,,0
2022-01-15 18:00:00,8.336,8.37,8.317,8.317,17996.2,8.575812830671884,,0
2022-01-15 19:00:00,8.317,8.355,8.305,8.338,21352.1,8.571882040082267,,0
2022-01-15 20:00:00,8.34,8.362,8.273,8.278,22297.6,8.567024485700742,,0
2022-01-15 21:00:00,8.276,8.298,8.172,8.203,42548.1,8.561007552052796,,0
2022-01-15 22:00:00,8.204,8.263,8.2,8.253,10691.0,8.555916518134568,,0
2022-01-15 23:00:00,8.246,8.3,8.223,8.227,48035.9,8.550479881471189,,0
2022-01-16 00:00:00,8.222,8.234,8.072,8.126,84404.0,8.543463685083236,,0
2022-01-16 01:00:00,8.127,8.151,8.05,8.091,59291.6,8.535984946486819,,0
2022-01-16 02:00:00,8.091,8.12,7.925,7.993,114228.8,8.52700998869365,,0
2022-01-16 03:00:00,7.995,8.076,7.973,8.04,44369.8,8.518960236814417,,0
2022-01-16 04:00:00,8.043,8.08,8.021,8.06,49766.7,8.51137411719765,,0
2022-01-16 05:00:00,8.06,8.099,7.975,7.988,92139.7,8.502723305343144,,0
2022-01-16 06:00:00,7.991,8.145,7.982,8.129,52371.0,8.496546060626729,,0
2022-01-16 07:00:00,8.128,8.155,8.103,8.131,28385.5,8.490503976980007,,0
2022-01-16 08:00:00,8.135,8.189,8.043,8.051,63591.8,8.483239448434883,,0
2022-01-16 09:00:00,8.047,8.278,8.037,8.192,158513.5,8.478425573254142,,0
2022-01-16 10:00:00,8.198,8.35,8.175,8.24,99431.0,8.47448465468796,,0
2022-01-16 11:00:00,8.234,8.374,8.179,8.303,115386.8,8.47165019758568,,0
2022-01-16 12:00:00,8.302,8.357,7.999,8.089,218895.8,8.465325400931372,,0
2022-01-16 13:00:00,8.085,8.097,7.852,8.069,141558.0,8.458774567858127,,0
2022-01-16 14:00:00,8.062,8.18,8.037,8.151,80191.0,8.453687384918323,,0
2022-01-16 15:00:00,8.155,8.282,8.131,8.187,85433.1,8.449279328969261,,0
2022-01-16 16:00:00,8.191,8.383,8.112,8.308,121870.8,8.44694413344911,,0
2022-01-16 17:00:00,8.311,8.365,8.149,8.172,56586.9,8.44239960231772,,0
2022-01-16 18:00:00,8.172,8.248,8.14,8.15,31582.9,8.43756655103974,,0
2022-01-16 19:00:00,8.149,8.168,8.09,8.128,31318.2,8.432449748543215,,0
2022-01-16 20:00:00,8.127,8.174,8.082,8.091,27831.1,8.426805951046633,,0
2022-01-16 21:00:00,8.096,8.155,8.054,8.135,25858.8,8.42198271218636,,0
2022-01-16 22:00:00,8.127,8.182,8.099,8.112,16085.2,8.416859030993198,,0
2022-01-16 23:00:00,8.112,8.116,8.055,8.065,31925.0,8.411043179241245,,0
2022-01-17 00:00:00,8.062,8.137,8.0,8.011,43876.8,8.404430895286845,,0
2022-01-17 01:00:00,8.01,8.031,7.933,7.983,45727.8,8.39746509536475,,0
2022-01-17 02:00:00,7.98,7.98,7.87,7.925,80571.0,8.389655754945498,,0
2022-01-17 03:00:00,7.922,7.961,7.36,7.398,878451.4,8.373264750731522,,0
2022-01-17 04:00:00,7.399,7.516,7.378,7.454,213841.9,8.358070292041745,,0
2022-01-17 05:00:00,7.454,7.54,7.338,7.54,115386.4,8.344548469032791,,0
2022-01-17 06:00:00,7.54,7.565,7.475,7.5,80042.5,8.330588990205802,,0
2022-01-17 07:00:00,7.5,7.556,7.463,7.463,56031.5,8.316248676318104,,0
2022-01-17 08:00:00,7.463,7.518,7.413,7.501,61683.6,8.302773491585574,,0
2022-01-17 09:00:00,7.492,7.527,7.435,7.49,83576.5,8.289339218997384,,0
2022-01-17 10:00:00,7.485,7.512,7.428,7.493,46138.9,8.27617658727842,,0
2022-01-17 11:00:00,7.493,7.504,7.422,7.444,38395.0,8.262421602364727,,0
2022-01-17 12:00:00,7.443,7.443,7.3,7.343,119583.2,8.24722455108597,,0
2022-01-17 13:00:00,7.349,7.413,7.321,7.374,69748.6,8.232791087431659,,0
2022-01-17 14:00:00,7.374,7.404,7.327,7.359,83951.7,8.218348259540228,,0
2022-01-17 15:00:00,7.359,7.552,7.237,7.521,304484.0,8.206821842027168,,0
2022-01-17 16:00:00,7.515,7.771,7.323,7.527,360135.7,8.195585117365562,,0
2022-01-17 17:00:00,7.527,7.599,7.377,7.542,105130.2,8.184782057574395,,0
2022-01-17 18:00:00,7.538,7.596,7.399,7.574,70925.9,8.174686486374819,,0
2022-01-17 19:00:00,7.58,7.609,7.483,7.551,69297.7,8.164377618831434,,0
2022-01-17 20:00:00,7.558,7.643,7.413,7.415,72824.6,8.151991211908602,,0
2022-01-17 21:00:00,7.415,7.46,7.24,7.307,81880.1,8.13802441501755,,0
2022-01-17 22:00:00,7.309,7.411,7.203,7.359,87101.4,8.12514797840569,,0
2022-01-17 23:00:00,7.358,7.47,7.355,7.448,54337.9,8.113955449837002,,0
2022-01-18 00:00:00,7.444,7.565,7.417,7.525,63808.4,8.10422064901325,,0
2022-01-18 01:00:00,7.528,7.676,7.478,7.593,113898.8,8.095770720930387,,0
2022-01-18 02:00:00,7.595,7.76,7.526,7.549,103957.8,8.086733188353026,,0
2022-01-18 03:00:00,7.548,7.674,7.45,7.489,88437.2,8.076853300942233,,0
2022-01-18 04:00:00,7.485,8.0,7.461,7.769,423959.9,8.07176481662914,,0
2022-01-18 05:00:00,7.769,7.979,7.744,7.84,221339.3,8.067933993213781,,0
2022-01-18 06:00:00,7.836,7.985,7.725,7.939,179614.9,8.065802852830084,,0
2022-01-18 07:00:00,7.938,8.07,7.778,7.796,210792.3,8.061343301543637,,0
2022-01-18 08:00:00,7.794,7.867,7.606,7.629,292619.7,8.05419713127019,,0
2022-01-18 09:00:00,7.632,7.818,7.486,7.776,235033.3,8.049598831579774,,0
2022-01-18 10:00:00,7.773,7.911,7.695,7.706,165684.9,8.043919512049529,,0
2022-01-18 11:00:00,7.711,7.726,7.524,7.605,159776.7,8.03666464408177,,0
2022-01-18 12:00:00,7.597,7.728,7.474,7.578,200302.6,8.029083410295295,,0
2022-01-18 13:00:00,7.585,7.609,7.333,7.419,194611.4,8.01899938698463,,0
2022-01-18 14:00:00,7.421,7.463,7.224,7.282,201458.6,8.006817578935298,,0
2022-01-18 15:00:00,7.278,7.497,7.239,7.329,167111.9,7.99561398258926,,0
2022-01-18 16:00:00,7.329,7.403,7.251,7.329,115189.7,7.9845955696539015,,0
2022-01-18 17:00:00,7.325,7.345,7.23,7.244,77868.6,7.972354320568714,,0
