time,atr_pct_sum,sum_atr_from_one,pos_size_sum
2019-04-25,,,
2019-04-26,,,
2019-04-27,,,
2019-04-28,,,
2019-04-29,,,
2019-04-30,,,
2019-05-01,,,
2019-05-02,,,
2019-05-03,,,
2019-05-04,,,
2019-05-05,,,
2019-05-06,,,
2019-05-07,,,
2019-05-08,,,
2019-05-09,,,
2019-05-10,,,
2019-05-11,,,
2019-05-12,,,
2019-05-13,,,
2019-05-14,,,
2019-05-15,,,
2019-05-16,,,
2019-05-17,,,
2019-05-18,,,
2019-05-19,,,
2019-05-20,,,
2019-05-21,,,
2019-05-22,,,
2019-05-23,,,
2019-05-24,2.4992170413374932,752.6663762983626,0.9999999999999999
2019-05-25,2.6775580116249253,845.0055359684146,0.9999999999999999
2019-05-26,2.6437849441512373,850.4419063926293,0.9999999999999997
2019-05-27,2.5487714742848815,854.7159620991056,0.9999999999999998
2019-05-28,2.5951092276732672,909.2454830649323,1.0
2019-05-29,2.6440588957701836,911.8901943488704,1.0000000000000002
2019-05-30,3.000404811440014,912.6448374920702,0.9999999999999999
2019-05-31,2.836545846626807,905.8724410920735,1.0
2019-06-01,2.852093501464063,909.8268916949221,1.0000000000000002
2019-06-02,2.7101811599248475,911.8770093991996,1.0
2019-06-03,2.9799346438027197,908.7964947499103,1.0
2019-06-04,3.1107480029321573,891.1517616774295,1.0
2019-06-05,2.9729768965746097,885.4742435092218,0.9999999999999999
2019-06-06,2.9168457624344115,884.7918235272224,1.0000000000000002
2019-06-07,2.7750300909361463,882.414462543342,1.0000000000000002
2019-06-08,2.7474945020700106,880.779954957647,1.0
2019-06-09,2.8663262799450044,881.5923763120499,1.0
2019-06-10,2.681495744040093,877.1924201128656,0.9999999999999999
2019-06-11,2.672540467874323,884.8218955888102,1.0000000000000004
2019-06-12,2.554020416996054,887.3136456926135,0.9999999999999996
2019-06-13,2.495569476094648,883.1275537601013,1.0000000000000004
2019-06-14,2.53538639596518,895.748701883778,1.0
2019-06-15,2.411723337512173,892.6988240637963,0.9999999999999999
2019-06-16,2.353680041440304,890.4740283659182,1.0000000000000004
2019-06-17,2.2756535422295516,891.9340063897738,0.9999999999999999
2019-06-18,2.3055871928878497,890.4780342784567,0.9999999999999999
2019-06-19,2.2187719645233672,889.745558009206,1.0
2019-06-20,2.226439520541949,895.2342506202746,1.0000000000000002
2019-06-21,2.1809657182297135,905.5858189915061,1.0000000000000004
2019-06-22,2.1283678277536016,895.6848467665981,1.0
2019-06-23,2.144727296912005,894.0383640380508,1.0
2019-06-24,2.0971500821788793,890.8337985466158,1.0
2019-06-25,2.089105680418112,891.9935786575519,1.0
2019-06-26,2.2892833142986615,893.0024108971722,0.9999999999999999
2019-06-27,2.712258123428093,873.9679536965131,0.9999999999999999
2019-06-28,2.57616139643817,871.7300782324895,0.9999999999999999
2019-06-29,2.516156899160406,865.0808649033163,1.0
2019-06-30,2.813502952513084,865.1092135065421,0.9999999999999999
2019-07-01,2.7805649914911066,864.8208945731651,0.9999999999999998
2019-07-02,2.8598931342650165,866.9233358213652,0.9999999999999999
2019-07-03,2.7437750933294844,871.9693849961299,1.0
2019-07-04,2.819154571225736,873.8071370326459,1.0000000000000002
2019-07-05,2.7297649740462244,872.5932619166155,1.0
2019-07-06,2.6275304962254324,874.0340498157145,0.9999999999999999
2019-07-07,2.517411250689492,877.1007175134249,1.0
2019-07-08,2.4937896616180026,882.1933012862705,1.0000000000000002
2019-07-09,2.4929655582228087,884.0765881359669,1.0
2019-07-10,2.711994382441708,877.1797048039734,1.0
2019-07-11,3.082594583091895,883.1705171290844,0.9999999999999998
2019-07-12,2.9161495722841604,877.9350385132789,0.9999999999999998
2019-07-13,2.9884155118227507,877.7021479641315,1.0
2019-07-14,3.4646750239720094,878.192947379695,1.0
2019-07-15,3.4384686428894304,878.1555685962603,1.0000000000000002
2019-07-16,4.113921059988467,876.7909315829093,0.9999999999999999
2019-07-17,3.9001335183548997,874.4357922464853,1.0000000000000002
2019-07-18,3.6231144612007453,870.0254827973686,0.9999999999999999
2019-07-19,3.5267308063284446,869.423285566728,1.0
2019-07-20,3.3340965096967636,867.4236638092584,0.9999999999999996
2019-07-21,3.788539417760315,1012.3196265764391,0.9999999999999997
2019-07-22,3.8317781303663274,1017.8590409318147,1.0
2019-07-23,3.970462346457406,1022.6883743265082,0.9999999999999998
2019-07-24,3.77771089307675,1014.8576216519537,0.9999999999999997
2019-07-25,3.6069972522194282,1008.29436322882,1.0
2019-07-26,3.424882308738209,999.0971377913153,0.9999999999999997
2019-07-27,3.598493024805933,1006.1052163877381,1.0
2019-07-28,3.5201538297984802,1000.5148977339077,1.0
2019-07-29,3.4248266444773297,998.8947190717088,1.0000000000000002
2019-07-30,3.2899240438497452,997.0539460505463,1.0000000000000004
2019-07-31,3.113485192463246,996.7234424246333,0.9999999999999998
2019-08-01,3.0787240526886412,997.2226295297372,1.0000000000000004
2019-08-02,2.9006853274042523,967.8957381308089,1.0
2019-08-03,2.9210696697239245,1042.9948674723014,0.9999999999999997
2019-08-04,2.86058716151184,1047.2776102907983,0.9999999999999998
2019-08-05,2.72474884460146,1039.6032308035556,1.0
2019-08-06,2.833807165973731,1038.456632056609,0.9999999999999998
2019-08-07,2.8059376263764677,1042.5464039597184,1.0000000000000002
2019-08-08,2.8115311910865657,1046.6412225592496,1.0000000000000002
2019-08-09,2.9430647506190204,1046.153949042677,1.0000000000000002
2019-08-10,2.827946549110356,1032.1393189201667,1.0000000000000002
2019-08-11,2.6975869557907597,1033.194719358405,1.0
2019-08-12,2.6612341346431276,1032.2202263374616,1.0
2019-08-13,2.65041175282226,1028.6391445522934,1.0
2019-08-14,3.0327734124503465,1029.5453494340486,0.9999999999999998
2019-08-15,2.9397004740290997,1030.0371005204213,0.9999999999999997
2019-08-16,2.949095275670643,1033.6807741967614,1.0000000000000002
2019-08-17,2.8265278781419605,1027.5247139381695,0.9999999999999997
2019-08-18,2.7026344169578147,1027.6944533261462,1.0
2019-08-19,2.597418289995434,1026.3730241120047,1.0
2019-08-20,2.5923160295444485,1022.9854871239373,1.0
2019-08-21,2.6854835451004515,1024.0092939186848,0.9999999999999999
2019-08-22,2.6122241911459296,1019.0259870626177,1.0
2019-08-23,2.542571566648105,1020.6452336864174,0.9999999999999999
2019-08-24,2.5196326154101114,1019.1064596121053,0.9999999999999997
2019-08-25,2.5879648888026767,1030.4441269734673,0.9999999999999997
2019-08-26,2.5107295472974167,1029.1080053689327,1.0000000000000002
2019-08-27,2.4714575143220396,1028.1756055541352,0.9999999999999998
2019-08-28,2.7673664359569576,1034.8326050528965,1.0
2019-08-29,2.8828920115726833,1039.2726903125122,1.0000000000000002
2019-08-30,2.758126136982853,1033.1109686507082,1.0
2019-08-31,2.7084497905918092,1036.7657262440334,0.9999999999999999
2019-09-01,2.6183931907452758,1036.6882671071096,0.9999999999999999
2019-09-02,2.49977143423011,1031.8115536626065,1.0
2019-09-03,2.454138694321913,1037.9127852314546,0.9999999999999998
2019-09-04,2.4384273411639703,1040.0354901081234,1.0
2019-09-05,2.393036284990225,1033.1039788066005,1.0000000000000002
2019-09-06,2.4764572786396712,1040.5153028849056,1.0
2019-09-07,2.361455290140483,1035.2281657110188,0.9999999999999998
2019-09-08,2.2621144950855085,1029.3784074929636,1.0000000000000002
2019-09-09,2.269348211021533,1032.512237055337,1.0
2019-09-10,2.2724871623393073,1033.4618175066869,1.0
2019-09-11,2.2936415286869267,1037.1021497612767,0.9999999999999996
2019-09-12,2.2555981102000717,1041.3254772537543,1.0
2019-09-13,2.19459704269196,1044.4664423781142,1.0000000000000004
2019-09-14,2.1202475467189044,1042.7365353114494,0.9999999999999998
2019-09-15,2.0342826683910813,1037.601829556841,0.9999999999999996
2019-09-16,2.0080692424058153,1041.0450024404272,0.9999999999999998
2019-09-17,1.9798245057202928,1033.6744711679821,1.0
2019-09-18,1.9394855782869267,1021.6510749661101,1.0
2019-09-19,2.0575629723669486,1018.7847451854173,1.0
2019-09-20,2.0597090666694657,1014.9642906393201,1.0000000000000002
2019-09-21,2.059160462047966,1013.0271821761613,1.0000000000000002
2019-09-22,2.111198702900895,1016.1990722463179,0.9999999999999998
2019-09-23,2.255190041660832,1023.7711059432872,1.0
2019-09-24,3.190549070205369,1017.4619742431746,1.0000000000000002
2019-09-25,3.0871148351310786,1009.7300162941615,0.9999999999999998
2019-09-26,3.2712547021730205,1011.5111550910804,0.9999999999999998
2019-09-27,3.154660236232223,1010.3105725615147,1.0
2019-09-28,3.014771927061797,1004.9171797099624,1.0000000000000004
2019-09-29,3.010750960561372,1001.4506079438055,0.9999999999999999
2019-09-30,2.871798236981089,995.229099668396,1.0
2019-10-01,2.8770167137292635,999.0538604882439,1.0
2019-10-02,2.7394400687082046,999.512005148642,1.0
2019-10-03,2.696384066203466,996.3214152272649,0.9999999999999999
2019-10-04,2.6123669151756608,995.8024748660177,1.0
2019-10-05,2.5022282384427843,996.4500272598668,1.0000000000000002
2019-10-06,2.529690448954109,999.6888915666656,1.0000000000000002
2019-10-07,2.4151775885093096,996.9782706048213,1.0
2019-10-08,2.342914424466659,994.3339816478166,1.0000000000000002
2019-10-09,2.278293759627245,993.3271282859599,0.9999999999999998
2019-10-10,2.301490162069193,993.0481506075234,1.0000000000000004
2019-10-11,2.355679684782712,990.4243038129355,0.9999999999999999
2019-10-12,2.2776563266296788,992.1078107126292,0.9999999999999998
2019-10-13,2.218614436469443,993.0019592130677,1.0
2019-10-14,2.125970928177364,991.8822169198357,1.0000000000000002
2019-10-15,2.194418551959314,995.8336521418705,1.0
2019-10-16,2.286073881370452,1000.3778854422688,1.0000000000000002
2019-10-17,2.9782362063520247,1351.9781819652812,1.0
2019-10-18,3.0324522616327276,1352.3579231394185,1.0000000000000002
2019-10-19,2.9803081173055497,1365.959201839357,1.0000000000000002
2019-10-20,2.8654881455260064,1361.0335754250011,1.0
2019-10-21,2.7568544085857543,1345.1620559147673,0.9999999999999998
2019-10-22,2.6798579186672455,1301.5555369005997,1.0
2019-10-23,3.1238244484335063,1382.0969120137047,0.9999999999999999
2019-10-24,3.1641636491617615,1449.205046152996,1.0
2019-10-25,3.0053311361516237,1422.2074996748968,1.0000000000000002
2019-10-26,3.207111673745666,1425.8780140179215,1.0
2019-10-27,3.1189513041103107,1391.4808686644024,0.9999999999999999
2019-10-28,3.1260070800885904,1347.578216055985,0.9999999999999999
2019-10-29,3.088766144281208,1361.6813660993002,1.0000000000000002
2019-10-30,3.14776598290807,1352.1493613560806,1.0000000000000002
2019-10-31,3.0679928987581158,1330.62736242111,1.0
2019-11-01,2.949384223242394,1328.0993579873875,0.9999999999999996
2019-11-02,2.8277189778735288,1326.826499778588,1.0
2019-11-03,2.732976304157544,1309.3346739911944,1.0
2019-11-04,2.630620870656286,1308.0032350836043,1.0
2019-11-05,2.5270127268004208,1291.9368391227022,1.0
2019-11-06,2.466647562225945,1298.3898795242917,0.9999999999999998
2019-11-07,2.488791843000743,1286.5655913716332,0.9999999999999998
2019-11-08,2.627308559937871,1281.3523359698772,1.0000000000000004
2019-11-09,2.508510593253095,1282.1120292175935,1.0000000000000004
2019-11-10,2.42350454630812,1277.877660062079,0.9999999999999996
2019-11-11,2.438544151874569,1272.9294226058348,0.9999999999999999
2019-11-12,2.380994893383068,1273.516981386836,0.9999999999999997
2019-11-13,2.3082374653950195,1270.7650866749361,1.0000000000000004
2019-11-14,2.303897199619402,1271.1003092906765,1.0000000000000002
2019-11-15,2.3863466708146897,1273.9042977493443,1.0000000000000002
2019-11-16,2.302891045845214,1269.6471251977237,1.0000000000000002
2019-11-17,2.247518989685885,1264.8970006860645,1.0
2019-11-18,2.4112530103143506,1261.7169243776987,1.0000000000000004
2019-11-19,2.4315497648674955,1262.189099634861,0.9999999999999999
2019-11-20,2.45299810868595,1265.5786775131578,0.9999999999999998
2019-11-21,2.7021430035561718,1258.6116710622023,1.0
2019-11-22,3.0921139859215927,1246.7795586606524,0.9999999999999998
2019-11-23,2.972525750872678,1243.7280895165559,1.0000000000000002
2019-11-24,3.2913806964003265,1246.1741661150456,1.0
2019-11-25,3.317414596263414,1232.9694518909141,1.0
2019-11-26,3.135214424930024,1222.1655569261452,1.0000000000000002
2019-11-27,3.1043517696785794,1221.26787252221,0.9999999999999998
2019-11-28,3.0756118520648292,1218.9548583335013,1.0000000000000002
2019-11-29,2.9140857573282437,1216.400244469948,1.0
2019-11-30,2.9569545097338223,1219.5272052327466,1.0
2019-12-01,2.948855974494794,1218.6950797587983,1.0000000000000002
2019-12-02,2.95956912969277,1221.2674205854898,0.9999999999999997
2019-12-03,2.8509829736277967,1216.949645103579,0.9999999999999999
2019-12-04,2.9681745729631146,1222.3981613375863,1.0
2019-12-05,2.844924716461332,1223.3815990293067,1.0
2019-12-06,2.7197511767160205,1219.276245669223,0.9999999999999999
2019-12-07,2.6848510792770384,1232.8256599757901,1.0
2019-12-08,2.5878231072622757,1233.5422278882702,1.0
2019-12-09,2.6378439344438904,1241.4117078811119,0.9999999999999999
2019-12-10,2.9399118042303938,1338.0085351142652,0.9999999999999998
2019-12-11,2.82615914620414,1331.7103410920718,1.0
2019-12-12,2.822550518936315,1350.1206140536167,0.9999999999999996
2019-12-13,2.8903716968381756,1445.8413256371691,1.0000000000000002
2019-12-14,3.0252442668733064,1478.5856205826042,1.0000000000000002
2019-12-15,2.904851673741622,1465.7727278945679,0.9999999999999999
2019-12-16,3.1472689753683367,1454.6077511946728,1.0
2019-12-17,3.4903118167746454,1435.7739566050095,1.0
2019-12-18,3.3447381134646825,1408.582263514728,0.9999999999999998
2019-12-19,3.34833462008135,1390.8311210293332,0.9999999999999998
2019-12-20,3.1932134841961908,1377.7309915187457,0.9999999999999999
2019-12-21,3.1253185088404076,1375.759382851363,0.9999999999999998
2019-12-22,3.0409736611311273,1399.2263002897287,0.9999999999999997
2019-12-23,3.0929544665224697,1389.1516654331656,1.0000000000000004
2019-12-24,2.9904008757677887,1376.985515462752,0.9999999999999996
2019-12-25,2.972047205278067,1385.087433038959,0.9999999999999997
2019-12-26,2.911864146946588,1380.6352449032036,0.9999999999999998
2019-12-27,2.871529209948879,1458.669385047413,0.9999999999999994
2019-12-28,2.763431412878589,1462.2870546691433,1.0000000000000002
2019-12-29,2.6853148139017953,1462.8011493025597,0.9999999999999999
2019-12-30,2.6816369504094917,1455.924890880536,0.9999999999999998
2019-12-31,2.6750902311461546,1457.5850150007577,1.0000000000000004
2020-01-01,2.554976566024204,1454.464175774699,1.0
2020-01-02,2.670168221177872,1461.529186445053,1.0
2020-01-03,2.5706682156046416,1450.1917883673768,0.9999999999999998
2020-01-04,2.4816034166199827,1450.6789561740607,1.0000000000000002
2020-01-05,2.4214610433581703,1449.387857247388,0.9999999999999996
2020-01-06,2.335046827586199,1440.535391858952,1.0000000000000002
2020-01-07,2.367932724234746,1429.4449768483132,1.0000000000000002
2020-01-08,2.4277848173769856,1405.1279515220158,0.9999999999999996
2020-01-09,2.429607677166171,1408.6393201028204,0.9999999999999997
2020-01-10,2.3579806412647772,1395.8857202135218,1.0
2020-01-11,2.3346252073374747,1386.7281148564573,1.0000000000000004
2020-01-12,2.2526273617618924,1384.3099215111256,1.0
2020-01-13,2.24017684010792,1379.4034320522135,0.9999999999999999
2020-01-14,2.2173172246960613,1367.0881537572607,1.0000000000000002
2020-01-15,2.2753227870849693,1363.6576897938705,0.9999999999999999
2020-01-16,2.344883018416077,1358.6424708691754,1.0000000000000007
2020-01-17,2.3746070043935026,1361.668784944853,1.0
2020-01-18,2.5036139986145733,1380.3869349381341,0.9999999999999998
2020-01-19,2.684860667243265,1363.5007098366968,1.0000000000000002
2020-01-20,2.646106690507133,1363.5764002752987,1.0
2020-01-21,2.5664615958240953,1361.7510212691316,1.0
2020-01-22,2.4856111346786647,1357.8458594667422,1.0
2020-01-23,2.6283101107246964,1356.2578895207553,0.9999999999999999
2020-01-24,2.6251752453602957,1357.7513979054645,1.0
2020-01-25,2.5777413879210123,1358.0242513006222,0.9999999999999996
2020-01-26,2.449179669923992,1353.6265168897287,0.9999999999999996
2020-01-27,2.378578493157418,1350.9306949888123,1.0000000000000002
2020-01-28,2.2973917980436434,1347.5558129929352,1.0000000000000002
2020-01-29,2.2733619698741054,1346.0645496339591,0.9999999999999997
2020-01-30,2.2314703641156104,1345.0576406891525,1.0
2020-01-31,2.2813394396563997,1346.8892835128695,1.0000000000000004
2020-02-01,2.211114037836964,1349.1272229700257,1.0000000000000002
2020-02-02,2.231673435093768,1347.1820168122242,0.9999999999999998
2020-02-03,2.208203158688919,1342.3407954180889,1.0
2020-02-04,2.230065693155154,1346.2927278022644,1.0
2020-02-05,2.2231589095755893,1355.8312321624803,1.0000000000000004
2020-02-06,2.2027507316449704,1358.7354175919604,1.0000000000000002
2020-02-07,2.2215890399565827,1372.2190088698205,0.9999999999999997
2020-02-08,2.322669480224232,1375.4910390258383,1.0
2020-02-09,2.2921779624624388,1372.039189985674,1.0
2020-02-10,2.382994562800797,1366.3722353330872,1.0
2020-02-11,2.355857633754517,1361.4384055853957,1.0000000000000002
2020-02-12,2.342006648518656,1363.5892600870807,1.0
2020-02-13,2.4545493454721194,1368.326215840088,1.0
2020-02-14,2.397484183832357,1364.0499890634221,1.0000000000000004
2020-02-15,2.8572118964884377,1367.6207906587888,1.0
2020-02-16,3.2054277028810314,1366.7038565269656,0.9999999999999999
2020-02-17,3.3242168848317966,1363.6244029211289,1.0
2020-02-18,3.2115535835491644,1356.9837204152527,0.9999999999999997
2020-02-19,3.6037584420764364,1351.7357052661068,1.0
2020-02-20,3.5469882024742065,1348.2867639656317,1.0
2020-02-21,3.43250577311062,1349.9541250884934,0.9999999999999998
2020-02-22,3.387449753275638,1355.6795253453693,1.0
2020-02-23,3.185272389972016,1353.2276795429286,1.0000000000000002
2020-02-24,3.4022770034773337,1356.618419421662,1.0
2020-02-25,3.684874494228011,1366.170322505352,1.0000000000000002
2020-02-26,4.252687895441817,1365.7003738415794,1.0000000000000002
2020-02-27,4.154964832083912,1361.9447589670178,1.0000000000000002
2020-02-28,4.1857330634411225,1360.4770379789873,1.0
2020-02-29,4.179586641132897,1361.8589660165198,1.0
2020-03-01,4.088075878572409,1357.9652864470647,1.0000000000000002
2020-03-02,3.783633568157482,1353.3652308176663,1.0
2020-03-03,3.698404366686194,1348.4015574408832,1.0
2020-03-04,3.5605958553005257,1347.7543564699702,0.9999999999999997
2020-03-05,3.4046854821458465,1349.4361998023448,0.9999999999999999
2020-03-06,3.272361270536262,1352.8620569824245,1.0
2020-03-07,3.4151734150845794,1358.5877489271306,0.9999999999999999
2020-03-08,4.220816206050487,1359.7685524718274,1.0000000000000002
2020-03-09,4.238187093799513,1360.462422627064,1.0000000000000002
2020-03-10,4.071481703644055,1352.717647619329,0.9999999999999997
2020-03-11,4.2450157180057255,1363.2545641247996,1.0000000000000002
2020-03-12,9.344159337819816,1395.9885209518839,1.0000000000000007
2020-03-13,8.483140840120118,1374.9396208064286,0.9999999999999996
2020-03-14,8.797990935842321,1371.7272238271241,1.0000000000000002
2020-03-15,8.399891555218254,1378.6390617479094,0.9999999999999997
2020-03-16,9.515349539431265,1398.9361437539603,1.0
2020-03-17,8.594707356827547,1383.7186346342592,1.0
2020-03-18,8.09471814119017,1384.230100951552,1.0
2020-03-19,7.043067987021723,1366.6417489058688,1.0
2020-03-20,7.22568158988675,1359.5173983716363,1.0000000000000002
2020-03-21,7.018014609697233,1359.6687316090588,0.9999999999999998
2020-03-22,7.54215035560498,1362.72657658917,1.0000000000000004
2020-03-23,6.704813609767853,1352.2293053043802,1.0000000000000002
2020-03-24,6.270480556235122,1352.7961791068533,1.0000000000000002
2020-03-25,6.144448747714124,1353.394851210206,1.0
2020-03-26,5.742270185616694,1356.833573817227,1.0
2020-03-27,5.964798506615138,1359.6842511009634,0.9999999999999998
2020-03-28,5.7758021371180535,1359.4274975533194,1.0000000000000002
2020-03-29,5.947395598184343,1363.046517580112,1.0000000000000002
2020-03-30,5.406853832114681,1353.8099647419608,1.0000000000000002
2020-03-31,5.084080709268607,1351.5468652641068,1.0000000000000002
2020-04-01,4.858959868712403,1352.201285223625,0.9999999999999998
2020-04-02,4.647841985572161,1347.698958767559,1.0
2020-04-03,4.463184628401576,1345.231730880812,1.0
2020-04-04,4.235756995000597,1346.097966107985,0.9999999999999999
2020-04-05,4.118512865948734,1348.4673804716415,0.9999999999999999
2020-04-06,3.7223529321143745,1344.2215187375855,1.0000000000000002
2020-04-07,3.7582943361395116,1341.4649057708882,1.0000000000000002
2020-04-08,3.5167992102542054,1338.1775687863324,0.9999999999999998
2020-04-09,3.4262491591201583,1336.711929332772,1.0
2020-04-10,3.828424084027958,1338.2566440437602,1.0000000000000004
2020-04-11,3.674448968782216,1335.7128575399142,0.9999999999999997
2020-04-12,3.5855322481672522,1333.9726279697911,1.0000000000000002
2020-04-13,3.553501987370713,1334.7414236121185,1.0
2020-04-14,3.4125881743763347,1334.2748439404525,1.0
2020-04-15,3.4724961463661037,1336.2181425031577,1.0
2020-04-16,3.2981380868424353,1331.186660027529,1.0
2020-04-17,3.196982888638418,1332.007068876713,1.0
2020-04-18,2.9909037451775746,1329.1568641486908,0.9999999999999996
2020-04-19,3.0305668073605267,1331.7831493690119,1.0
2020-04-20,3.217054970732893,1333.6675035998128,0.9999999999999997
2020-04-21,3.0903570840882644,1332.6083330698177,0.9999999999999997
2020-04-22,2.9095757326281335,1330.1014717541052,0.9999999999999998
2020-04-23,2.8555474643445837,1330.3283410796032,1.0
2020-04-24,2.740440770327376,1328.7145004576753,1.0000000000000004
2020-04-25,2.65042481470026,1325.1319598277837,1.0
2020-04-26,2.579208892152163,1330.6287794249413,1.0
2020-04-27,2.611419393485159,1337.3412883866838,0.9999999999999997
2020-04-28,2.549540389408225,1338.5309203048375,1.0
2020-04-29,2.4482483317233585,1333.974678662059,0.9999999999999999
2020-04-30,2.6924581524555387,1326.6194017982232,1.0000000000000004
2020-05-01,2.5807390088786613,1324.4082974150965,0.9999999999999999
2020-05-02,2.478712618252231,1328.1483452133787,1.0000000000000002
2020-05-03,2.5692140395729512,1331.6163913114988,1.0000000000000002
2020-05-04,2.6132461593975944,1330.7830197626222,1.0000000000000002
2020-05-05,2.564683543357358,1331.38408837561,1.0
2020-05-06,2.634835452926373,1333.5461937776558,1.0
2020-05-07,2.574069519512107,1337.2925676519205,0.9999999999999999
2020-05-08,2.529743490115606,1335.226938058535,0.9999999999999998
2020-05-09,2.5685016311442346,1338.6783652045601,1.0
2020-05-10,3.08407433360979,1334.6860168720582,0.9999999999999997
2020-05-11,3.2431497706711636,1342.2345555987185,1.0
2020-05-12,3.0496966478683634,1334.704901717727,0.9999999999999999
2020-05-13,2.9297254153393952,1335.031673775441,1.0
2020-05-14,2.885609663746327,1343.5925866194755,0.9999999999999996
2020-05-15,2.9062174381924772,1338.2060970920404,0.9999999999999999
2020-05-16,2.7900666467904767,1339.2345584901652,1.0000000000000002
2020-05-17,2.7075667486320563,1343.6488536222269,1.0
2020-05-18,2.61340258238982,1345.0153448937133,0.9999999999999998
2020-05-19,2.534150639013422,1344.5293166038675,0.9999999999999996
2020-05-20,2.5495509815776805,1343.8439084415895,0.9999999999999997
2020-05-21,2.780594136646968,1346.3037564150854,1.0
2020-05-22,2.6970656695737896,1347.0170907290583,0.9999999999999998
2020-05-23,2.666472610317292,1350.2245000969954,1.0
2020-05-24,2.83440734485467,1363.5180872050598,1.0000000000000004
2020-05-25,2.688094800870148,1359.9621349649804,1.0000000000000004
2020-05-26,2.67289850329333,1364.0601007747218,1.0000000000000002
2020-05-27,2.696532220438646,1404.7788343288055,1.0000000000000002
2020-05-28,2.6664156400786196,1432.866993989286,1.0
2020-05-29,2.614634985610611,1430.8529446853363,1.0
2020-05-30,2.5399100439660125,1436.7662489959002,0.9999999999999998
2020-05-31,2.723112490789784,1447.3056631359782,1.0000000000000004
2020-06-01,2.6012574836447677,1433.3672321355398,1.0000000000000002
2020-06-02,2.7684672043310012,1415.0282844461433,1.0
2020-06-03,2.6561820228789585,1406.4487271013852,1.0
2020-06-04,2.6194753289132873,1403.2783787183873,1.0000000000000002
2020-06-05,2.5967781846456472,1409.2271830874033,1.0000000000000004
2020-06-06,2.5205994335027584,1413.7772573071318,1.0000000000000002
2020-06-07,2.5061050559475,1414.7959717871356,1.0
2020-06-08,2.4188697364047878,1419.5319180573151,1.0000000000000004
2020-06-09,2.3738026718479355,1416.6364854635624,0.9999999999999997
2020-06-10,2.3296533154984527,1428.786167481679,0.9999999999999996
2020-06-11,2.7838473540894264,1438.7644468268968,1.0
2020-06-12,2.648145461562921,1418.96226560446,1.0
2020-06-13,2.5626036936821723,1426.9331937394313,0.9999999999999999
2020-06-14,2.6240577622589547,1440.0842725468224,1.0000000000000002
2020-06-15,2.676597032058849,1434.7020674700223,0.9999999999999999
2020-06-16,2.5830883192339624,1438.4583003660339,0.9999999999999998
2020-06-17,2.5361133769655986,1437.6151117393695,1.0
2020-06-18,2.5352876463853966,1441.7175106657912,1.0000000000000002
2020-06-19,2.5219137375501726,1455.3000567869708,1.0
2020-06-20,2.4512271912783454,1454.3681180671174,1.0000000000000007
2020-06-21,2.3937786178936826,1458.3881425726233,0.9999999999999998
2020-06-22,2.266849345386931,1444.574697604787,0.9999999999999998
2020-06-23,2.222102252801033,1445.4045212069525,1.0
2020-06-24,2.323273228608744,1433.1728266779608,0.9999999999999998
2020-06-25,2.3335052997772916,1438.7368039157723,0.9999999999999997
2020-06-26,2.3450447784786728,1448.118417184576,1.0000000000000002
2020-06-27,2.6207972825921377,1462.3692443060047,1.0000000000000002
2020-06-28,2.529723284528961,1452.1299893493792,1.0000000000000002
2020-06-29,2.4387271945535787,1447.6032248246686,0.9999999999999999
2020-06-30,2.4109140380499414,1456.6610759674675,1.0000000000000002
2020-07-01,2.3328288272532944,1457.77242967637,0.9999999999999998
2020-07-02,2.3574186279096345,1449.5574252400086,1.0000000000000002
2020-07-03,2.289332847768453,1444.5089940567211,1.0000000000000002
2020-07-04,2.192089610445022,1440.7948692198242,0.9999999999999999
2020-07-05,2.2122749521200733,1449.3980295975027,1.0000000000000002
2020-07-06,2.1377544251682945,1432.6655143085704,1.0000000000000002
2020-07-07,2.098815011460629,1409.567605046659,1.0000000000000002
2020-07-08,2.084747884467384,1398.722996453601,1.0
2020-07-09,2.213427704297864,1407.8136969783627,1.0000000000000002
2020-07-10,2.303255050114957,1431.936423778299,1.0
2020-07-11,2.331453416813668,1513.4233196529508,1.0
2020-07-12,2.3062474461635816,1514.1297550259706,1.0
2020-07-13,2.454085826133596,1534.9574131037284,1.0
2020-07-14,2.436864462874397,1537.2855271787246,0.9999999999999998
2020-07-15,2.4246336490636153,1541.0733548045675,0.9999999999999996
2020-07-16,2.5537655790139135,1544.964354973171,0.9999999999999999
2020-07-17,2.4869559056777604,1543.6523884729945,0.9999999999999999
2020-07-18,2.430028389119464,1548.4280508434997,1.0000000000000004
2020-07-19,2.429180644088233,1568.6266581980783,1.0
2020-07-20,2.601032489495073,1622.7500184786497,0.9999999999999998
2020-07-21,2.527946991655947,1617.9625630096414,1.0000000000000002
2020-07-22,2.4936789882149712,1623.8240029028852,1.0
2020-07-23,2.4714047710842584,1628.261599444639,0.9999999999999994
2020-07-24,2.638104721089536,1738.6145362059756,0.9999999999999997
2020-07-25,2.5556696052276693,1730.6541081704474,1.0000000000000007
2020-07-26,2.59176230281271,1717.0540338520123,0.9999999999999999
2020-07-27,2.865614464718503,1754.7103456238008,1.0
2020-07-28,2.753965574031654,1690.4976351360217,1.0
2020-07-29,2.7658267218383337,1689.5264391414592,1.0000000000000004
2020-07-30,2.68363794193176,1666.0732196814006,1.0000000000000002
2020-07-31,2.611733967868884,1657.5602661007886,1.0
2020-08-01,2.5546683897977625,1642.0823917116008,0.9999999999999999
2020-08-02,3.0202586433868763,1576.3349687890009,1.0000000000000002
2020-08-03,2.9246647721551726,1567.3411753804146,0.9999999999999996
2020-08-04,2.7980100866472775,1545.6232131956695,1.0000000000000002
2020-08-05,2.7371164769683864,1543.6181130409086,1.0000000000000002
2020-08-06,2.6542206895967486,1529.4613446079713,1.0000000000000002
2020-08-07,2.888265511078005,1612.7352855986533,0.9999999999999997
2020-08-08,2.7685516442232148,1607.411475213407,1.0
2020-08-09,2.7424672234737786,1603.1381834849328,1.0
2020-08-10,2.766528043276042,1614.6677798419112,1.0000000000000007
2020-08-11,3.1066057467756134,1609.1818970594359,0.9999999999999996
2020-08-12,3.0307179481416084,1597.6913314973008,0.9999999999999998
2020-08-13,3.1208166916188005,1616.8281513473105,0.9999999999999997
2020-08-14,3.0839348847867507,1622.4886796533544,1.0000000000000002
2020-08-15,3.088840165757585,1627.0779993986603,0.9999999999999998
2020-08-16,3.0315650259331766,1624.6527909974375,0.9999999999999997
2020-08-17,3.161115871672966,1647.0295178437186,1.0000000000000002
2020-08-18,3.34065706010746,1652.599554918135,1.0000000000000002
2020-08-19,3.6007991919099998,1655.8646283377361,0.9999999999999999
2020-08-20,3.421513255465472,1655.1142789350804,1.0
2020-08-21,3.91716603861197,1685.289948978362,1.0
2020-08-22,3.759768648656939,1676.7989130040983,0.9999999999999998
2020-08-23,3.737989365872264,1681.1368841301528,1.0000000000000002
2020-08-24,3.6430600536958235,1683.5835385859962,0.9999999999999998
2020-08-25,4.034627515787433,1695.3182882759913,0.9999999999999997
2020-08-26,3.858248635129924,1684.4056315862329,0.9999999999999999
2020-08-27,4.097752062267185,1707.2171393110493,0.9999999999999998
2020-08-28,3.99592465372418,1782.8562495196559,0.9999999999999997
2020-08-29,3.853282273382416,1783.2128846059072,1.0
2020-08-30,3.7046776567570223,1787.6837182114466,1.0000000000000004
2020-08-31,3.6888587415214804,1792.1481438662104,1.0
2020-09-01,3.6293286862018146,1793.086698440928,0.9999999999999999
2020-09-02,4.0869071961475205,1792.3234148494748,0.9999999999999997
2020-09-03,5.619965226585271,1821.1149456405449,0.9999999999999999
2020-09-04,5.341251146607182,1785.2799060231769,0.9999999999999998
2020-09-05,6.24053664032506,1839.7736726853857,0.9999999999999997
2020-09-06,5.866644449113349,1819.3024457095817,1.0000000000000002
2020-09-07,5.887244406999967,1835.0517007076667,1.0
2020-09-08,6.183139865315808,1941.9507246825885,0.9999999999999999
2020-09-09,5.942596787192402,2005.9654658358827,0.9999999999999998
2020-09-10,5.6025862565948845,2000.1494949102753,0.9999999999999997
2020-09-11,5.351266629176646,1993.3123596870025,1.0000000000000002
2020-09-12,5.059528786502033,1989.975059020774,0.9999999999999999
2020-09-13,7.006726854683477,2668.374322723912,1.0000000000000004
2020-09-14,6.80527472033869,2672.9996032267645,0.9999999999999999
2020-09-15,7.4722254098102905,2862.753002509792,1.0
2020-09-16,7.657528666178398,3030.166822654573,0.9999999999999997
2020-09-17,7.283500771717351,2990.091362122635,1.0000000000000002
2020-09-18,7.260889689652639,3023.734032358047,0.9999999999999999
2020-09-19,6.705597183781072,2888.6807736702704,1.0000000000000004
2020-09-20,6.894923853519386,2923.679279324505,0.9999999999999997
2020-09-21,7.881657418832177,2968.4222355129946,1.0
2020-09-22,7.409765640615898,2950.310572283858,0.9999999999999997
2020-09-23,8.146344216780886,3055.8338354869884,1.0
2020-09-24,7.188163142760205,2918.5272571121254,0.9999999999999998
2020-09-25,6.813429667050809,2893.7148653529985,1.0
2020-09-26,6.269914581675176,2774.7075636408285,0.9999999999999998
2020-09-27,6.215048069162979,2808.9135303307685,1.0000000000000004
2020-09-28,6.1428990432205035,2805.86321014224,1.0000000000000002
2020-09-29,5.926856454212112,2831.259678879034,0.9999999999999997
2020-09-30,7.737481296467175,3818.4323601574124,0.9999999999999999
2020-10-01,7.773571786853896,3753.4132639056197,1.0000000000000002
2020-10-02,8.240006892192369,3823.963610232956,1.0000000000000002
2020-10-03,8.46279551659258,4096.578233847431,1.0
2020-10-04,8.486038753580868,4285.245859566988,1.0
2020-10-05,8.394111484943362,4392.913900315581,1.0000000000000004
2020-10-06,9.578012304561604,4735.1106043519985,1.0000000000000004
2020-10-07,9.017642798425129,4626.424646876471,0.9999999999999999
2020-10-08,8.11167579281535,4264.747466256878,0.9999999999999999
2020-10-09,7.3504600403593425,4044.9160540589264,1.0
2020-10-10,7.412844635583528,4191.07476389556,1.0000000000000002
2020-10-11,6.980937449873212,4101.838073333946,0.9999999999999999
2020-10-12,6.674657685896037,3968.9339753719314,0.9999999999999997
2020-10-13,6.586052636699174,3963.468031714179,1.0
2020-10-14,6.655323961605789,3975.386253339727,0.9999999999999997
2020-10-15,6.505473020193595,3940.757983765694,1.0000000000000002
2020-10-16,7.658919586940659,4488.236285114204,0.9999999999999999
2020-10-17,7.2211676629849055,4399.346068787025,1.0
2020-10-18,6.60190909216234,4235.7700273581295,1.0000000000000002
2020-10-19,6.656693218136485,4310.649963394925,0.9999999999999999
2020-10-20,7.043245433829281,4354.757455686145,1.0000000000000002
2020-10-21,6.564715019218504,4155.37790134753,1.0000000000000002
2020-10-22,6.145604315316394,4024.700430426403,0.9999999999999998
2020-10-23,6.0423912934085475,3964.413990014753,0.9999999999999999
2020-10-24,5.79478204804137,3956.096489943007,0.9999999999999999
2020-10-25,5.849237242799767,3986.823145062888,1.0000000000000002
2020-10-26,5.783249298860477,3785.9243389012754,1.0000000000000002
2020-10-27,5.2815631604632145,3551.7068173891857,1.0000000000000002
2020-10-28,5.697483799127253,3595.9066141482494,1.0
2020-10-29,5.848659100465606,3614.8054191708497,1.0000000000000002
2020-10-30,5.91707875469069,3570.2367194728295,0.9999999999999993
2020-10-31,5.712910452683648,3542.3914847017795,1.0
2020-11-01,5.446596593759352,3516.0043690691496,1.0
2020-11-02,5.636633625172613,3479.3618155763756,1.0
2020-11-03,5.677062303588535,3451.6024379814266,1.0000000000000002
2020-11-04,5.736390542467936,3491.677871546226,1.0
2020-11-05,5.409123311531161,3398.234300370376,1.0000000000000002
2020-11-06,4.754561294718615,3153.7768138563533,0.9999999999999999
2020-11-07,5.150165277019515,3036.1256884244563,1.0
2020-11-08,5.272355039021758,3259.8724912807343,0.9999999999999996
2020-11-09,5.331365205481056,3252.456679574615,1.0000000000000002
2020-11-10,4.907020346278879,3107.773754854359,1.0000000000000002
2020-11-11,4.970801766015778,3150.572634317978,1.0
2020-11-12,4.932399691071823,3132.44998146928,1.0
2020-11-13,6.778403088614114,4590.502705699901,0.9999999999999998
2020-11-14,6.616189243972189,4444.808451678374,1.0
2020-11-15,6.513774748723437,4348.925440408388,0.9999999999999996
2020-11-16,6.263778983093107,4301.277931815876,0.9999999999999998
2020-11-17,5.865008905909629,4183.560161317765,0.9999999999999999
2020-11-18,6.0794091826465575,4051.064507979621,0.9999999999999998
2020-11-19,5.896868743094417,3954.839445398131,0.9999999999999998
2020-11-20,5.640349495455926,3914.0130807034484,0.9999999999999999
2020-11-21,5.399362538398958,3823.9456088986217,1.0
2020-11-22,5.724193486679267,3644.724407532471,0.9999999999999998
2020-11-23,5.468277336507448,3604.134757050439,0.9999999999999994
2020-11-24,5.472688112485098,3516.689194510775,0.9999999999999994
2020-11-25,5.915141014380421,3347.5684841063094,1.0000000000000004
2020-11-26,6.984151766649728,3136.0278432762434,0.9999999999999999
2020-11-27,6.909600164083299,3108.5137340352676,0.9999999999999999
2020-11-28,6.6036705236564535,3100.153862809807,0.9999999999999998
2020-11-29,6.29620232897213,3073.279511888715,0.9999999999999997
2020-11-30,5.904925907733464,3052.191501500842,1.0000000000000002
2020-12-01,6.2446487781611975,2971.0017151481848,1.0000000000000004
2020-12-02,5.832770024140059,2945.173518130062,0.9999999999999999
2020-12-03,5.578834127336109,2937.5480167987134,1.0000000000000004
2020-12-04,6.178144375649645,2939.9757792153914,1.0000000000000004
2020-12-05,5.704820766375841,2915.445207162723,0.9999999999999999
2020-12-06,5.611730278097286,2924.5783954031936,1.0000000000000004
2020-12-07,5.443984676267224,2908.3194619472238,1.0
2020-12-08,5.906440059194595,2910.018125560927,1.0000000000000004
2020-12-09,5.7416183636198115,2886.499585749317,0.9999999999999999
2020-12-10,5.794997132707376,2887.0872825948622,1.0
2020-12-11,5.91535280382799,2921.0477092345013,1.0000000000000004
2020-12-12,5.5157446122630605,2902.336900120921,1.0000000000000002
2020-12-13,5.218452876140613,2889.425774428541,0.9999999999999997
2020-12-14,5.031332660232888,2883.004298511183,1.0000000000000002
2020-12-15,4.901749526131929,2888.0445789197324,0.9999999999999996
2020-12-16,4.660792014077925,2870.2840827559,1.0000000000000002
2020-12-17,4.74422571278503,2853.976898009862,0.9999999999999999
2020-12-18,4.601079089774362,2837.962576386043,1.0
2020-12-19,4.517779000859337,2836.546913832209,0.9999999999999999
2020-12-20,4.66061346239235,2835.93861773255,1.0000000000000002
2020-12-21,5.032217305006564,2816.6115082218143,1.0000000000000002
2020-12-22,4.964463572170877,2817.830007737886,1.0000000000000002
2020-12-23,6.491731327466389,2888.7814814728363,0.9999999999999996
2020-12-24,5.955903669060648,2842.2464668019165,0.9999999999999999
2020-12-25,5.863042613147344,2857.8612215824073,0.9999999999999996
2020-12-26,5.833817422569581,2882.7938455923054,1.0000000000000002
2020-12-27,5.895188946243466,2843.306461097186,1.0000000000000002
2020-12-28,5.636936938258239,2859.1651460062158,1.0000000000000002
2020-12-29,5.813265963820367,2875.8709129474987,0.9999999999999997
2020-12-30,5.779421904733567,2872.079680268008,1.0000000000000002
2020-12-31,5.616652182280138,2847.6232554910703,1.0000000000000004
2021-01-01,5.549329311260668,2813.8433499725093,1.0000000000000002
2021-01-02,5.557121649941271,2819.101982777878,1.0000000000000002
2021-01-03,5.31233661426157,2811.287498256608,1.0
2021-01-04,5.523164769809641,2780.9254635820143,1.0
2021-01-05,5.456170733299892,2770.3250401173577,1.0000000000000002
2021-01-06,5.211163765034988,2765.4959160779235,1.0
2021-01-07,5.509586585352317,2738.1255500981038,1.0000000000000007
2021-01-08,5.75456213371637,2731.3431366570194,0.9999999999999992
2021-01-09,5.5009165078200475,2720.3918861872617,0.9999999999999996
2021-01-10,5.931188795096052,2728.0264202604435,0.9999999999999999
2021-01-11,7.27843408323816,2700.080960427712,0.9999999999999999
2021-01-12,7.268854716384295,2692.654799331395,0.9999999999999999
2021-01-13,6.639820258539139,2676.726838158389,1.0000000000000002
2021-01-14,6.43306563933329,2680.617801849311,0.9999999999999998
2021-01-15,6.5209422004412305,2678.299513158963,1.0
2021-01-16,6.3129289678155205,2672.5630758409907,1.0000000000000004
2021-01-17,6.1491303186817925,2666.3061972143996,1.0
2021-01-18,5.938947415114382,2654.738867809154,0.9999999999999999
2021-01-19,6.197327053438759,2656.5525151475053,1.0000000000000002
2021-01-20,6.03146210581864,2645.8206633529485,0.9999999999999998
2021-01-21,7.364881954760293,2658.5718721308467,1.0
2021-01-22,6.9607807627108595,2651.818760726391,1.0000000000000007
2021-01-23,6.599712624198404,2650.882281229342,1.0
2021-01-24,6.323229830652364,2651.2649526989176,1.0000000000000004
2021-01-25,6.56167061727056,2654.1587655019475,0.9999999999999999
2021-01-26,6.291683969718439,2651.5323060876835,0.9999999999999998
2021-01-27,6.911055355915988,2676.4532803344187,1.0000000000000002
2021-01-28,6.427685341234267,2677.733697403512,1.0000000000000004
2021-01-29,6.3453223590867305,2665.608214471282,0.9999999999999998
2021-01-30,6.23177537437299,2705.51896847495,0.9999999999999999
2021-01-31,6.335453185631092,2692.51189494037,1.0000000000000002
2021-02-01,6.144076579879863,2715.890157569091,1.0000000000000002
2021-02-02,6.0096716910663375,2729.4879117663727,1.0000000000000002
2021-02-03,5.605550568296056,2717.738594963585,0.9999999999999998
2021-02-04,5.60251724223653,2695.7537207425257,1.0000000000000002
2021-02-05,5.272093660645338,2704.4200657953625,1.0
2021-02-06,5.541462123847129,2702.3195952056312,1.0000000000000004
2021-02-07,5.651045153221218,2704.450063597018,0.9999999999999996
2021-02-08,5.400755536005779,2709.0979096665615,0.9999999999999999
2021-02-09,5.221022377075495,2708.0150659038172,1.0
2021-02-10,5.332196496677125,2698.552514613423,1.0
2021-02-11,5.126759701276816,2689.844204606903,1.0000000000000002
2021-02-12,5.054908175451232,2689.074126435103,1.0
2021-02-13,5.156003122644525,2716.157320296234,0.9999999999999998
2021-02-14,5.6445974253709705,2732.0036844704296,1.0000000000000002
2021-02-15,6.264299675331843,2734.4196476296397,0.9999999999999999
2021-02-16,6.310179052016666,2733.803123876102,0.9999999999999998
2021-02-17,6.169159597894613,2747.5472485662253,0.9999999999999998
2021-02-18,5.944333794409324,2734.1219345051113,1.0000000000000004
2021-02-19,5.825523311496621,2753.661448612826,0.9999999999999997
2021-02-20,6.306032163353982,2734.0079455647015,1.0000000000000004
2021-02-21,6.09199306471384,2729.4724739035755,1.0000000000000007
2021-02-22,7.1675369476711195,2720.0439491205007,0.9999999999999997
2021-02-23,9.026111538242635,2735.502673754551,1.0000000000000002
2021-02-24,8.663512628568816,2715.7130402546554,1.0000000000000004
2021-02-25,9.177459950321222,2704.089624244274,1.0000000000000002
2021-02-26,9.119951499021923,2709.6728818976326,1.0000000000000002
2021-02-27,8.674688378371936,2703.049779801821,1.0000000000000002
2021-02-28,8.957868254665485,2712.8307672558426,1.0000000000000002
2021-03-01,7.960497141749673,2691.9069223355677,1.0
2021-03-02,7.874839579633846,2686.6224241371924,1.0000000000000002
2021-03-03,7.379457067456725,2678.6340581875884,1.0
2021-03-04,7.5468536534125645,2685.649664648464,0.9999999999999994
2021-03-05,7.438000914640486,2674.9089474434963,0.9999999999999999
2021-03-06,7.144465209525655,2675.3255036203136,0.9999999999999996
2021-03-07,6.6291161722583185,2672.51832644543,0.9999999999999998
2021-03-08,6.317644216387652,2674.507767124998,1.0
2021-03-09,5.926720972268339,2668.368712788803,1.0000000000000004
2021-03-10,6.147590387529186,2687.2406637062577,1.0
2021-03-11,5.960857619293997,2685.916422939724,0.9999999999999999
2021-03-12,6.149619524957832,2696.589290930718,1.0000000000000004
2021-03-13,5.816889995550603,2687.4178250868713,0.9999999999999996
2021-03-14,6.039870166985732,2697.8063839361826,0.9999999999999998
2021-03-15,6.063520047983411,2675.841267760127,1.0000000000000004
2021-03-16,5.859517418958537,2674.556561850807,1.0
2021-03-17,5.618429478931227,2676.121757255045,0.9999999999999998
2021-03-18,5.6421881155159035,2671.7402809996506,1.0000000000000007
2021-03-19,5.459797153307012,2670.0612439939378,0.9999999999999998
2021-03-20,5.4651520808720795,2686.39396567989,1.0
2021-03-21,5.385343518574053,2683.6453037786573,0.9999999999999997
2021-03-22,5.665183423856059,2691.8718260654437,1.0
2021-03-23,5.575938942162366,2695.141934304666,0.9999999999999997
2021-03-24,6.254906963739567,2695.3479844693793,1.0000000000000004
2021-03-25,6.2794257294705655,2710.177299119985,1.0
2021-03-26,5.7123651899847925,2695.362744639762,1.0
2021-03-27,5.543380261642411,2689.7531066198644,1.0000000000000002
2021-03-28,5.399467759908064,2691.895606072576,1.0
2021-03-29,5.087903443271699,2687.0828553563133,0.9999999999999998
2021-03-30,4.958073782099025,2695.664017658596,1.0000000000000004
2021-03-31,4.941599122176322,2710.644424115031,0.9999999999999998
2021-04-01,4.863744848523773,2710.3489693578035,1.0000000000000002
2021-04-02,4.69338304658376,2708.1831262790975,1.0000000000000002
2021-04-03,5.101941961864133,2716.628526693247,0.9999999999999996
2021-04-04,4.790299035576782,2704.9810240127817,0.9999999999999999
2021-04-05,4.711649718926521,2712.3399266023453,1.0000000000000002
2021-04-06,4.7292675079287045,2719.8946902842627,0.9999999999999997
2021-04-07,5.346084853268947,2725.3026636376535,0.9999999999999999
2021-04-08,5.007280366065318,2713.8389996415226,1.0000000000000002
2021-04-09,4.927069758439862,2710.039723139753,0.9999999999999999
2021-04-10,4.894173639613949,2726.7024454490384,0.9999999999999998
2021-04-11,4.812382668618038,2730.9311873394413,0.9999999999999998
2021-04-12,4.844439618151803,2725.1612600025674,1.0000000000000002
2021-04-13,4.684182810376461,2723.216330653128,0.9999999999999999
2021-04-14,4.746225572210347,2731.014521701338,0.9999999999999998
2021-04-15,4.552456252292147,2719.3297581529105,1.0000000000000004
2021-04-16,4.728574286595208,2711.6918698563018,0.9999999999999997
2021-04-17,5.0264463743186125,2707.5696828996515,1.0000000000000004
2021-04-18,6.160026163918605,2735.5472362950545,0.9999999999999999
2021-04-19,6.851282416835489,2746.811172088863,1.0000000000000002
2021-04-20,6.72386906256649,2738.658353521725,1.0
2021-04-21,6.995977182699663,2727.560880613099,1.0
2021-04-22,7.634731266926151,2753.5807914721117,1.0000000000000002
2021-04-23,7.933010290313567,2745.4210947527663,1.0
2021-04-24,8.521014857524772,2760.3048450659053,1.0
2021-04-25,8.367942867177437,2763.717388225259,0.9999999999999996
2021-04-26,7.311868304721755,2729.9993792953424,1.0000000000000002
2021-04-27,6.720257091907478,2713.6948918650723,0.9999999999999998
2021-04-28,6.7556981956170405,2721.0030293271,0.9999999999999999
2021-04-29,6.65918382436733,2720.587357659254,0.9999999999999996
2021-04-30,6.180230192964146,2704.572764243065,1.0
2021-05-01,5.8775648145478305,2702.819463203204,1.0000000000000004
2021-05-02,5.865183665602974,2703.844114444622,0.9999999999999998
2021-05-03,5.558010076764274,2703.768183718767,1.0000000000000002
2021-05-04,6.13106007095892,2719.1319990807187,1.0
2021-05-05,5.5721341420446935,2701.4808260846285,1.0000000000000004
2021-05-06,5.54111301688004,2694.8111730246096,1.0000000000000002
2021-05-07,5.7472351938233315,2689.701192116259,1.0
2021-05-08,5.655194611478852,2698.551558919105,0.9999999999999999
2021-05-09,5.642845116747515,2710.555782262429,0.9999999999999997
2021-05-10,6.5851178449210215,2750.0731302063245,0.9999999999999999
2021-05-11,6.125006369743333,2739.2928534054386,1.0000000000000002
2021-05-12,7.588488432927946,2763.624197885997,0.9999999999999999
2021-05-13,7.511849602634153,2728.753422312405,1.0000000000000002
2021-05-14,6.965404221153701,2715.761922329731,1.0000000000000004
2021-05-15,7.5496821915363155,2716.3624025828663,1.0000000000000002
2021-05-16,7.625449522730902,2715.1476628279597,1.0000000000000002
2021-05-17,8.170297140541253,2706.5909547056126,0.9999999999999999
2021-05-18,7.68766446998229,2706.3708143726826,1.0
2021-05-19,14.2169826700366,2720.3513991077843,0.9999999999999992
2021-05-20,12.10260962141397,2679.5267242801533,1.0
2021-05-21,14.618697109073409,2680.969186307054,0.9999999999999997
2021-05-22,15.617279122510128,2698.087959908136,1.0000000000000002
2021-05-23,18.656638102020025,2718.351857045165,1.0000000000000002
2021-05-24,14.53206566996443,2688.0379201180094,1.0
2021-05-25,14.282996656776191,2693.5062389801215,1.0000000000000004
2021-05-26,12.434186211470733,2681.6616025645662,0.9999999999999997
2021-05-27,12.632641718676833,2680.4117515789635,1.0000000000000002
2021-05-28,14.004009057623268,2690.199076511236,0.9999999999999998
2021-05-29,14.553550673322524,2687.943441732478,1.0000000000000002
2021-05-30,13.526033273170343,2685.4992302671403,1.0000000000000002
2021-05-31,11.97980544713812,2676.7211207559503,0.9999999999999999
2021-06-01,11.677769456387871,2677.551948625667,1.0
2021-06-02,10.79904134098192,2675.1880684883313,0.9999999999999998
2021-06-03,9.947637090766925,2674.9925218480444,0.9999999999999999
2021-06-04,10.69888167475369,2681.7737955151915,0.9999999999999999
2021-06-05,10.767015481520483,2683.7919385463265,1.0000000000000002
2021-06-06,10.01100998698342,2678.9302697003136,1.0000000000000002
2021-06-07,10.905026865187821,2692.028308098508,1.0000000000000002
2021-06-08,10.795162021625435,2691.883149332416,1.0
2021-06-09,10.007776260335797,2688.0452988417683,1.0000000000000007
2021-06-10,10.357049978194794,2701.6630185462345,1.0000000000000002
2021-06-11,10.710424246330629,2723.6780522875415,1.0
2021-06-12,10.517375212567408,2728.0620533395127,0.9999999999999999
2021-06-13,9.538174654364601,2714.3329097152364,1.0
2021-06-14,8.872014027620446,2705.2533275253245,1.0
2021-06-15,8.577150299257475,2694.4587061772577,0.9999999999999999
2021-06-16,8.677169944955574,2700.2227155929295,0.9999999999999999
2021-06-17,8.31882008181401,2708.9030754962782,1.0
2021-06-18,8.764663487379831,2712.28488795241,1.0000000000000002
2021-06-19,8.690590541234847,2718.7532117957853,0.9999999999999999
2021-06-20,8.283613119638328,2703.3005792150634,1.0000000000000002
2021-06-21,11.078747606427669,2730.810312212913,1.0000000000000002
2021-06-22,11.570516442879079,2746.3693070721138,1.0000000000000002
2021-06-23,10.47298936183779,2737.8287145795434,1.0
2021-06-24,9.763048733064435,2728.459522503385,0.9999999999999997
2021-06-25,10.728684210673894,2736.9912642337795,1.0000000000000002
2021-06-26,10.144497486314558,2725.675192329916,1.0000000000000002
2021-06-27,9.286993585846272,2715.2239508137404,1.0
2021-06-28,8.62479441797686,2704.438531867913,0.9999999999999997
2021-06-29,7.898613151406983,2691.4251504681138,1.0
2021-06-30,7.628969086849004,2688.554611446495,1.0000000000000004
2021-07-01,7.96566500868841,2694.3629878889424,0.9999999999999997
2021-07-02,7.620609789364903,2696.5677271697555,1.0000000000000004
2021-07-03,7.159147246152211,2692.0094060329175,0.9999999999999997
2021-07-04,6.787085052285132,2685.520182915755,1.0
2021-07-05,6.8153055747654605,2681.8070767232543,0.9999999999999999
2021-07-06,6.3907016199475315,2670.6437721659736,0.9999999999999996
2021-07-07,6.166948630958686,2661.8003886805127,0.9999999999999997
2021-07-08,6.606604757273826,2685.011729718784,1.0000000000000004
2021-07-09,6.3529626802188295,2683.5450360260425,1.0000000000000009
2021-07-10,6.3146006332444005,2690.002902127673,0.9999999999999999
2021-07-11,5.976752623057805,2685.628886253256,0.9999999999999999
2021-07-12,6.067025261032425,2688.100198408984,1.0000000000000002
2021-07-13,6.169681821392234,2707.8948399573046,1.0000000000000004
2021-07-14,6.108533834643566,2710.3378935039104,0.9999999999999998
2021-07-15,6.344614884522768,2733.430587662532,1.0000000000000002
2021-07-16,6.596571367376246,2747.878649669119,1.0
2021-07-17,6.345664123653189,2752.571912612612,0.9999999999999999
2021-07-18,6.15915426720506,2757.8590150137034,1.0000000000000002
2021-07-19,6.468151735786194,2772.553505464394,1.0000000000000002
2021-07-20,6.8135464205349665,2763.7897417994727,1.0000000000000002
2021-07-21,6.202810172689906,2733.8813857247656,0.9999999999999999
2021-07-22,5.937368507306752,2756.092710294868,0.9999999999999996
2021-07-23,5.620185176539355,2746.9893516335046,1.0000000000000002
2021-07-24,5.415487696457562,2755.7713726226098,1.0000000000000004
2021-07-25,5.246023747732776,2758.7651709807064,0.9999999999999997
2021-07-26,5.26143964273516,2738.6105941780597,1.0000000000000002
2021-07-27,5.066873820433951,2736.4878739841834,1.0
2021-07-28,4.922153011845068,2729.3669507564327,1.0
2021-07-29,4.682950859595851,2713.4012553136827,0.9999999999999998
2021-07-30,4.51825781702045,2704.715030341724,0.9999999999999996
2021-07-31,4.359543965019135,2700.0325978162978,1.0
2021-08-01,4.535898898655659,2703.0264588581686,1.0000000000000004
2021-08-02,4.410204064652746,2690.656637389463,0.9999999999999999
2021-08-03,4.449461401131867,2695.344027586021,0.9999999999999994
2021-08-04,4.253263369069916,2682.5836113840646,0.9999999999999998
2021-08-05,4.150827476264799,2675.721770451202,1.0
2021-08-06,4.03344976871392,2680.153465678782,1.0000000000000004
2021-08-07,3.888433622448254,2683.5087027600434,1.0000000000000004
2021-08-08,4.231182622605923,2696.6168002775016,1.0000000000000002
2021-08-09,4.11393656131078,2692.064389646434,0.9999999999999996
2021-08-10,4.008113622539119,2685.820544611483,0.9999999999999999
2021-08-11,3.950635207489716,2684.0069774637936,1.0
2021-08-12,4.188161070937734,2679.670538099721,0.9999999999999996
2021-08-13,3.915741932409682,2669.268905125792,0.9999999999999997
2021-08-14,3.8866339426691887,2667.712876896934,1.0
2021-08-15,3.839141591973198,2662.7955009272387,1.0000000000000004
2021-08-16,4.032684268237291,2665.295145166873,1.0
2021-08-17,4.453044185613269,2672.5367855741897,1.0
2021-08-18,4.498392996068567,2673.8865241388703,0.9999999999999997
2021-08-19,4.268565876540024,2667.2601289930085,0.9999999999999999
2021-08-20,4.069208806531239,2663.9899869064957,0.9999999999999998
2021-08-21,4.091217109788593,2667.3786168659044,1.0
2021-08-22,4.001002909625781,2667.9013324273205,1.0000000000000004
2021-08-23,3.8793378840277466,2667.6654470277813,1.0
2021-08-24,4.3971849758384,2681.633536429236,1.0000000000000002
2021-08-25,4.264984193164598,2682.0949551000144,1.0
2021-08-26,4.747296350647423,2687.982881079081,1.0
2021-08-27,4.472330840190597,2681.2963214458127,1.0
2021-08-28,4.408599465884632,2687.135145147683,1.0000000000000002
2021-08-29,4.3568049728640785,2685.454351117658,0.9999999999999997
2021-08-30,4.4711920946896155,2688.4827918527935,0.9999999999999999
2021-08-31,4.3723056193736305,2691.262849286758,1.0
2021-09-01,4.174496387100271,2688.0162068613704,1.0000000000000004
2021-09-02,4.123800094047405,2691.0199063532345,1.0000000000000002
2021-09-03,4.02210490764112,2685.923608214911,0.9999999999999999
2021-09-04,3.9248719586332452,2682.5787963668063,0.9999999999999997
2021-09-05,3.7852862888265046,2682.760371726711,1.0
2021-09-06,3.855632293584308,2686.9687473613235,0.9999999999999998
2021-09-07,5.739595230715993,2692.5198096655554,0.9999999999999994
2021-09-08,5.8509593974074905,2696.1809418753446,0.9999999999999997
2021-09-09,5.604510817875251,2685.625896478492,1.0
2021-09-10,6.017231490565946,2687.8154200626436,1.0000000000000004
2021-09-11,5.793862814780586,2690.4788150448862,1.0000000000000002
2021-09-12,5.506336419774195,2685.677464613021,0.9999999999999999
2021-09-13,5.892610451563033,2690.889841551672,1.0000000000000002
2021-09-14,5.515318909535341,2688.5710428837615,0.9999999999999999
2021-09-15,5.237464891374358,2685.9032654841544,1.0
2021-09-16,5.315887425429649,2688.854893022794,1.0000000000000007
2021-09-17,5.525418763891178,2702.468109048177,1.0
2021-09-18,5.297369904249754,2700.382133103087,0.9999999999999998
2021-09-19,5.369280450038024,2705.3439800749975,1.0
2021-09-20,6.4834794502473745,2723.9413014837623,1.0000000000000002
2021-09-21,7.112977820561264,2733.47299767505,1.0000000000000002
2021-09-22,6.327980120890197,2710.132359376283,1.0000000000000002
2021-09-23,5.96367219279004,2700.7974610967844,1.0
2021-09-24,6.570094769851103,2697.6747696956686,0.9999999999999999
2021-09-25,6.488965191774501,2707.7307771108285,1.0
2021-09-26,6.423135577928167,2702.460901072575,1.0000000000000002
2021-09-27,6.596655024661478,2708.3796298320685,1.0
2021-09-28,6.710213978282058,2720.605053780934,0.9999999999999997
2021-09-29,6.416206826825647,2722.7902631110096,1.0
2021-09-30,5.9224457099629095,2714.513623294684,0.9999999999999997
2021-10-01,5.417911902548008,2698.0493829362144,0.9999999999999999
2021-10-02,5.237133677299888,2696.181776620166,0.9999999999999998
2021-10-03,5.034261559749332,2693.7457150005425,0.9999999999999994
2021-10-04,5.052494245504579,2696.2881254711183,1.0000000000000002
2021-10-05,4.845635384099062,2703.38713006022,0.9999999999999997
2021-10-06,4.934783855049562,2715.6705338724814,1.0
2021-10-07,4.837227057302025,2703.995947829386,0.9999999999999999
2021-10-08,4.747107947013442,2706.0192049699644,0.9999999999999998
2021-10-09,4.564323772280636,2704.429879416901,0.9999999999999999
2021-10-10,4.829235528741079,2718.0418633290333,0.9999999999999998
2021-10-11,4.78360180942186,2722.1735473902163,1.0
2021-10-12,4.792162515981535,2711.642949517919,0.9999999999999999
2021-10-13,4.6031979022479526,2708.951825078211,0.9999999999999999
2021-10-14,4.444881236775757,2708.921609383384,1.0000000000000004
2021-10-15,4.412877660013422,2714.0895585056696,1.0
2021-10-16,4.313780428314106,2703.8254506721705,1.0
2021-10-17,4.3873192319602685,2705.847839581347,1.0
2021-10-18,4.330113668071594,2704.669974807637,1.0
2021-10-19,4.186783207014496,2706.3550308443264,0.9999999999999997
2021-10-20,3.9750403778900263,2697.486580489909,1.0000000000000002
2021-10-21,4.054382204343584,2684.3306208897952,1.0
2021-10-22,3.973980041805576,2678.313428643189,1.0000000000000002
2021-10-23,3.815554045626839,2680.1718251673983,1.0
2021-10-24,3.8658497605749336,2680.8559189321854,1.0000000000000002
2021-10-25,3.6643488762830443,2673.4005401175423,0.9999999999999996
2021-10-26,3.6674664786300744,2667.88408479934,1.0000000000000007
2021-10-27,4.456066311887042,2673.2657131868004,0.9999999999999998
2021-10-28,4.258750432773794,2669.8624421136165,0.9999999999999999
2021-10-29,4.082988861471622,2671.547638173584,1.0000000000000002
2021-10-30,4.123116790740379,2674.51659678325,1.0
2021-10-31,4.1992567348246075,2703.7642548950084,1.0
2021-11-01,4.212945939892134,2711.1375649619526,0.9999999999999997
2021-11-02,4.105182699024197,2718.4201704506213,1.0000000000000002
2021-11-03,4.144237144134232,2738.631998078563,1.0
2021-11-04,4.211741528874278,2740.9924478444555,0.9999999999999999
2021-11-05,4.200592197222746,2745.8351143909313,1.0000000000000002
2021-11-06,4.152207254521064,2737.726284638424,0.9999999999999999
2021-11-07,3.994728018091332,2746.144569973684,0.9999999999999998
2021-11-08,3.822979875974823,2745.917497568175,1.0000000000000002
2021-11-09,3.8610277872522065,2759.8553951222316,0.9999999999999994
2021-11-10,4.469514565603791,2753.4171651469696,1.0000000000000002
2021-11-11,4.319846701262222,2743.06380617035,0.9999999999999999
2021-11-12,4.421175546467316,2750.877927412964,0.9999999999999996
2021-11-13,4.261664577883014,2758.596121053142,0.9999999999999998
2021-11-14,4.172424407347564,2762.8699496176782,0.9999999999999998
2021-11-15,4.213817111714946,2761.1853461176333,0.9999999999999999
2021-11-16,4.842010763047582,2741.982515252514,0.9999999999999999
2021-11-17,4.701057515383248,2732.8433201453313,1.0000000000000002
2021-11-18,5.278047165743228,2738.642524753388,1.0000000000000002
2021-11-19,4.950067811876405,2722.0076567970837,1.0000000000000002
2021-11-20,4.758274057341241,2724.043033742151,0.9999999999999999
2021-11-21,4.716133935326501,2731.9780684239054,0.9999999999999999
2021-11-22,4.858115275637837,2725.6344383985274,0.9999999999999999
2021-11-23,4.639442903469073,2719.9260819428223,1.0
2021-11-24,4.70265743295098,2720.8257545923343,1.0000000000000002
2021-11-25,4.489184235508212,2718.440749572217,0.9999999999999998
2021-11-26,5.207774214015537,2718.3087556904243,1.0000000000000002
2021-11-27,5.024803233444156,2722.079670472564,0.9999999999999994
2021-11-28,5.000515220520163,2727.046505578285,0.9999999999999999
2021-11-29,4.827035603895072,2734.680448084275,1.0000000000000002
2021-11-30,4.838714337178726,2740.676483480452,0.9999999999999999
2021-12-01,4.78395459364306,2742.7055949694454,0.9999999999999999
2021-12-02,4.740512867285962,2751.757271874854,0.9999999999999999
2021-12-03,5.14481775488453,2749.3347478353694,0.9999999999999998
2021-12-04,6.719687525492004,2740.3299304907773,0.9999999999999998
2021-12-05,7.063293796122351,2769.9557606209173,0.9999999999999997
2021-12-06,6.872397448027825,2756.5056663001787,1.0000000000000004
2021-12-07,6.632774401977862,2750.7411221447505,1.0
2021-12-08,6.303099244744451,2744.1205904766716,0.9999999999999997
2021-12-09,7.012598938411255,2762.9122470694883,1.0
2021-12-10,7.22858436515363,2769.3570002201163,1.0000000000000002
2021-12-11,6.666188072345569,2752.4473060143614,0.9999999999999998
2021-12-12,6.396305045873455,2744.0755474705834,1.0000000000000002
2021-12-13,7.198408846791584,2756.61214197584,1.0000000000000004
2021-12-14,6.745985195356618,2752.2988920069615,1.0000000000000002
2021-12-15,6.466302019036492,2737.4408190171257,0.9999999999999999
2021-12-16,6.390367720554545,2733.8422546114566,1.0
2021-12-17,6.309864557421128,2726.8979262552803,1.0
2021-12-18,6.013424906000894,2714.0009323219147,0.9999999999999996
2021-12-19,5.949532103986747,2723.875719504486,1.0000000000000007
2021-12-20,5.891027782990638,2724.103740980717,1.0000000000000004
2021-12-21,5.4891382932218775,2707.3785263840396,1.0
2021-12-22,5.227616794534108,2697.879711873663,1.0
2021-12-23,4.899491708213363,2688.873226630235,0.9999999999999999
2021-12-24,4.930748470678279,2699.2724836413017,0.9999999999999998
2021-12-25,4.693843358566213,2694.3136588884745,1.0
2021-12-26,4.538250018311175,2695.996716049039,1.0000000000000002
2021-12-27,4.448412048183455,2700.1829313709545,0.9999999999999999
2021-12-28,4.918682089312538,2713.745269350161,0.9999999999999999
2021-12-29,5.0353151186008525,2723.292788291592,1.0000000000000004
2021-12-30,4.865969007084015,2724.9029810443085,0.9999999999999993
2021-12-31,4.8882976263842,2723.3631876181908,1.0000000000000002
2022-01-01,4.545976778263155,2715.946453108305,0.9999999999999998
2022-01-02,4.387472057152597,2714.2682924889386,1.0000000000000007
2022-01-03,4.335908991077126,2709.423758340725,0.9999999999999999
2022-01-04,4.370167786322298,2715.5126958234882,1.0
2022-01-05,5.013061992851391,2722.236644844718,1.0000000000000002
2022-01-06,4.9390652210067225,2722.1140876158197,1.0000000000000002
2022-01-07,5.207116321276787,2731.7728721224007,0.9999999999999997
2022-01-08,5.446999261671416,2745.7015959449286,0.9999999999999993
2022-01-09,5.2138972373394745,2741.884246094417,1.0000000000000004
2022-01-10,5.443131893397599,2740.663720448698,1.0000000000000004
2022-01-11,5.127120651085735,2728.3914262448525,0.9999999999999998
2022-01-12,4.786495195629488,2717.4062315226747,1.0000000000000004
2022-01-13,4.924943008265703,2726.5840452113925,0.9999999999999996
2022-01-14,4.740009226680651,2720.5257841769535,1.0
2022-01-15,4.5495910728849225,2716.560168432788,0.9999999999999997
2022-01-16,4.4025332665445855,2716.347775523409,0.9999999999999999
2022-01-17,4.571517781133855,2738.609350134212,1.0
2022-01-18,4.582384463274086,2732.695013731824,1.0000000000000002
